$MeshFormat
2.2 0 8
$EndMeshFormat
$PhysicalNames
5
1 1 "left"
1 2 "right"
1 3 "bottom"
1 4 "top"
2 5 "domain"
$EndPhysicalNames
$Nodes
4225
1 0 0 0
2 0.015625 0 0
3 0.03125 0 0
4 0.046875 0 0
5 0.0625 0 0
6 0.078125 0 0
7 0.09375 0 0
8 0.109375 0 0
9 0.125 0 0
10 0.140625 0 0
11 0.15625 0 0
12 0.171875 0 0
13 0.1875 0 0
14 0.203125 0 0
15 0.21875 0 0
16 0.234375 0 0
17 0.25 0 0
18 0.265625 0 0
19 0.28125 0 0
20 0.296875 0 0
21 0.3125 0 0
22 0.328125 0 0
23 0.34375 0 0
24 0.359375 0 0
25 0.375 0 0
26 0.390625 0 0
27 0.40625 0 0
28 0.421875 0 0
29 0.4375 0 0
30 0.453125 0 0
31 0.46875 0 0
32 0.484375 0 0
33 0.5 0 0
34 0.515625 0 0
35 0.53125 0 0
36 0.546875 0 0
37 0.5625 0 0
38 0.578125 0 0
39 0.59375 0 0
40 0.609375 0 0
41 0.625 0 0
42 0.640625 0 0
43 0.65625 0 0
44 0.671875 0 0
45 0.6875 0 0
46 0.703125 0 0
47 0.71875 0 0
48 0.734375 0 0
49 0.75 0 0
50 0.765625 0 0
51 0.78125 0 0
52 0.796875 0 0
53 0.8125 0 0
54 0.828125 0 0
55 0.84375 0 0
56 0.859375 0 0
57 0.875 0 0
58 0.890625 0 0
59 0.90625 0 0
60 0.921875 0 0
61 0.9375 0 0
62 0.953125 0 0
63 0.96875 0 0
64 0.984375 0 0
65 1 0 0
66 0 0.015625 0
67 0.015625 0.015625 0
68 0.03125 0.015625 0
69 0.046875 0.015625 0
70 0.0625 0.015625 0
71 0.078125 0.015625 0
72 0.09375 0.015625 0
73 0.109375 0.015625 0
74 0.125 0.015625 0
75 0.140625 0.015625 0
76 0.15625 0.015625 0
77 0.171875 0.015625 0
78 0.1875 0.015625 0
79 0.203125 0.015625 0
80 0.21875 0.015625 0
81 0.234375 0.015625 0
82 0.25 0.015625 0
83 0.265625 0.015625 0
84 0.28125 0.015625 0
85 0.296875 0.015625 0
86 0.3125 0.015625 0
87 0.328125 0.015625 0
88 0.34375 0.015625 0
89 0.359375 0.015625 0
90 0.375 0.015625 0
91 0.390625 0.015625 0
92 0.40625 0.015625 0
93 0.421875 0.015625 0
94 0.4375 0.015625 0
95 0.453125 0.015625 0
96 0.46875 0.015625 0
97 0.484375 0.015625 0
98 0.5 0.015625 0
99 0.515625 0.015625 0
100 0.53125 0.015625 0
101 0.546875 0.015625 0
102 0.5625 0.015625 0
103 0.578125 0.015625 0
104 0.59375 0.015625 0
105 0.609375 0.015625 0
106 0.625 0.015625 0
107 0.640625 0.015625 0
108 0.65625 0.015625 0
109 0.671875 0.015625 0
110 0.6875 0.015625 0
111 0.703125 0.015625 0
112 0.71875 0.015625 0
113 0.734375 0.015625 0
114 0.75 0.015625 0
115 0.765625 0.015625 0
116 0.78125 0.015625 0
117 0.796875 0.015625 0
118 0.8125 0.015625 0
119 0.828125 0.015625 0
120 0.84375 0.015625 0
121 0.859375 0.015625 0
122 0.875 0.015625 0
123 0.890625 0.015625 0
124 0.90625 0.015625 0
125 0.921875 0.015625 0
126 0.9375 0.015625 0
127 0.953125 0.015625 0
128 0.96875 0.015625 0
129 0.984375 0.015625 0
130 1 0.015625 0
131 0 0.03125 0
132 0.015625 0.03125 0
133 0.03125 0.03125 0
134 0.046875 0.03125 0
135 0.0625 0.03125 0
136 0.078125 0.03125 0
137 0.09375 0.03125 0
138 0.109375 0.03125 0
139 0.125 0.03125 0
140 0.140625 0.03125 0
141 0.15625 0.03125 0
142 0.171875 0.03125 0
143 0.1875 0.03125 0
144 0.203125 0.03125 0
145 0.21875 0.03125 0
146 0.234375 0.03125 0
147 0.25 0.03125 0
148 0.265625 0.03125 0
149 0.28125 0.03125 0
150 0.296875 0.03125 0
151 0.3125 0.03125 0
152 0.328125 0.03125 0
153 0.34375 0.03125 0
154 0.359375 0.03125 0
155 0.375 0.03125 0
156 0.390625 0.03125 0
157 0.40625 0.03125 0
158 0.421875 0.03125 0
159 0.4375 0.03125 0
160 0.453125 0.03125 0
161 0.46875 0.03125 0
162 0.484375 0.03125 0
163 0.5 0.03125 0
164 0.515625 0.03125 0
165 0.53125 0.03125 0
166 0.546875 0.03125 0
167 0.5625 0.03125 0
168 0.578125 0.03125 0
169 0.59375 0.03125 0
170 0.609375 0.03125 0
171 0.625 0.03125 0
172 0.640625 0.03125 0
173 0.65625 0.03125 0
174 0.671875 0.03125 0
175 0.6875 0.03125 0
176 0.703125 0.03125 0
177 0.71875 0.03125 0
178 0.734375 0.03125 0
179 0.75 0.03125 0
180 0.765625 0.03125 0
181 0.78125 0.03125 0
182 0.796875 0.03125 0
183 0.8125 0.03125 0
184 0.828125 0.03125 0
185 0.84375 0.03125 0
186 0.859375 0.03125 0
187 0.875 0.03125 0
188 0.890625 0.03125 0
189 0.90625 0.03125 0
190 0.921875 0.03125 0
191 0.9375 0.03125 0
192 0.953125 0.03125 0
193 0.96875 0.03125 0
194 0.984375 0.03125 0
195 1 0.03125 0
196 0 0.046875 0
197 0.015625 0.046875 0
198 0.03125 0.046875 0
199 0.046875 0.046875 0
200 0.0625 0.046875 0
201 0.078125 0.046875 0
202 0.09375 0.046875 0
203 0.109375 0.046875 0
204 0.125 0.046875 0
205 0.140625 0.046875 0
206 0.15625 0.046875 0
207 0.171875 0.046875 0
208 0.1875 0.046875 0
209 0.203125 0.046875 0
210 0.21875 0.046875 0
211 0.234375 0.046875 0
212 0.25 0.046875 0
213 0.265625 0.046875 0
214 0.28125 0.046875 0
215 0.296875 0.046875 0
216 0.3125 0.046875 0
217 0.328125 0.046875 0
218 0.34375 0.046875 0
219 0.359375 0.046875 0
220 0.375 0.046875 0
221 0.390625 0.046875 0
222 0.40625 0.046875 0
223 0.421875 0.046875 0
224 0.4375 0.046875 0
225 0.453125 0.046875 0
226 0.46875 0.046875 0
227 0.484375 0.046875 0
228 0.5 0.046875 0
229 0.515625 0.046875 0
230 0.53125 0.046875 0
231 0.546875 0.046875 0
232 0.5625 0.046875 0
233 0.578125 0.046875 0
234 0.59375 0.046875 0
235 0.609375 0.046875 0
236 0.625 0.046875 0
237 0.640625 0.046875 0
238 0.65625 0.046875 0
239 0.671875 0.046875 0
240 0.6875 0.046875 0
241 0.703125 0.046875 0
242 0.71875 0.046875 0
243 0.734375 0.046875 0
244 0.75 0.046875 0
245 0.765625 0.046875 0
246 0.78125 0.046875 0
247 0.796875 0.046875 0
248 0.8125 0.046875 0
249 0.828125 0.046875 0
250 0.84375 0.046875 0
251 0.859375 0.046875 0
252 0.875 0.046875 0
253 0.890625 0.046875 0
254 0.90625 0.046875 0
255 0.921875 0.046875 0
256 0.9375 0.046875 0
257 0.953125 0.046875 0
258 0.96875 0.046875 0
259 0.984375 0.046875 0
260 1 0.046875 0
261 0 0.0625 0
262 0.015625 0.0625 0
263 0.03125 0.0625 0
264 0.046875 0.0625 0
265 0.0625 0.0625 0
266 0.078125 0.0625 0
267 0.09375 0.0625 0
268 0.109375 0.0625 0
269 0.125 0.0625 0
270 0.140625 0.0625 0
271 0.15625 0.0625 0
272 0.171875 0.0625 0
273 0.1875 0.0625 0
274 0.203125 0.0625 0
275 0.21875 0.0625 0
276 0.234375 0.0625 0
277 0.25 0.0625 0
278 0.265625 0.0625 0
279 0.28125 0.0625 0
280 0.296875 0.0625 0
281 0.3125 0.0625 0
282 0.328125 0.0625 0
283 0.34375 0.0625 0
284 0.359375 0.0625 0
285 0.375 0.0625 0
286 0.390625 0.0625 0
287 0.40625 0.0625 0
288 0.421875 0.0625 0
289 0.4375 0.0625 0
290 0.453125 0.0625 0
291 0.46875 0.0625 0
292 0.484375 0.0625 0
293 0.5 0.0625 0
294 0.515625 0.0625 0
295 0.53125 0.0625 0
296 0.546875 0.0625 0
297 0.5625 0.0625 0
298 0.578125 0.0625 0
299 0.59375 0.0625 0
300 0.609375 0.0625 0
301 0.625 0.0625 0
302 0.640625 0.0625 0
303 0.65625 0.0625 0
304 0.671875 0.0625 0
305 0.6875 0.0625 0
306 0.703125 0.0625 0
307 0.71875 0.0625 0
308 0.734375 0.0625 0
309 0.75 0.0625 0
310 0.765625 0.0625 0
311 0.78125 0.0625 0
312 0.796875 0.0625 0
313 0.8125 0.0625 0
314 0.828125 0.0625 0
315 0.84375 0.0625 0
316 0.859375 0.0625 0
317 0.875 0.0625 0
318 0.890625 0.0625 0
319 0.90625 0.0625 0
320 0.921875 0.0625 0
321 0.9375 0.0625 0
322 0.953125 0.0625 0
323 0.96875 0.0625 0
324 0.984375 0.0625 0
325 1 0.0625 0
326 0 0.078125 0
327 0.015625 0.078125 0
328 0.03125 0.078125 0
329 0.046875 0.078125 0
330 0.0625 0.078125 0
331 0.078125 0.078125 0
332 0.09375 0.078125 0
333 0.109375 0.078125 0
334 0.125 0.078125 0
335 0.140625 0.078125 0
336 0.15625 0.078125 0
337 0.171875 0.078125 0
338 0.1875 0.078125 0
339 0.203125 0.078125 0
340 0.21875 0.078125 0
341 0.234375 0.078125 0
342 0.25 0.078125 0
343 0.265625 0.078125 0
344 0.28125 0.078125 0
345 0.296875 0.078125 0
346 0.3125 0.078125 0
347 0.328125 0.078125 0
348 0.34375 0.078125 0
349 0.359375 0.078125 0
350 0.375 0.078125 0
351 0.390625 0.078125 0
352 0.40625 0.078125 0
353 0.421875 0.078125 0
354 0.4375 0.078125 0
355 0.453125 0.078125 0
356 0.46875 0.078125 0
357 0.484375 0.078125 0
358 0.5 0.078125 0
359 0.515625 0.078125 0
360 0.53125 0.078125 0
361 0.546875 0.078125 0
362 0.5625 0.078125 0
363 0.578125 0.078125 0
364 0.59375 0.078125 0
365 0.609375 0.078125 0
366 0.625 0.078125 0
367 0.640625 0.078125 0
368 0.65625 0.078125 0
369 0.671875 0.078125 0
370 0.6875 0.078125 0
371 0.703125 0.078125 0
372 0.71875 0.078125 0
373 0.734375 0.078125 0
374 0.75 0.078125 0
375 0.765625 0.078125 0
376 0.78125 0.078125 0
377 0.796875 0.078125 0
378 0.8125 0.078125 0
379 0.828125 0.078125 0
380 0.84375 0.078125 0
381 0.859375 0.078125 0
382 0.875 0.078125 0
383 0.890625 0.078125 0
384 0.90625 0.078125 0
385 0.921875 0.078125 0
386 0.9375 0.078125 0
387 0.953125 0.078125 0
388 0.96875 0.078125 0
389 0.984375 0.078125 0
390 1 0.078125 0
391 0 0.09375 0
392 0.015625 0.09375 0
393 0.03125 0.09375 0
394 0.046875 0.09375 0
395 0.0625 0.09375 0
396 0.078125 0.09375 0
397 0.09375 0.09375 0
398 0.109375 0.09375 0
399 0.125 0.09375 0
400 0.140625 0.09375 0
401 0.15625 0.09375 0
402 0.171875 0.09375 0
403 0.1875 0.09375 0
404 0.203125 0.09375 0
405 0.21875 0.09375 0
406 0.234375 0.09375 0
407 0.25 0.09375 0
408 0.265625 0.09375 0
409 0.28125 0.09375 0
410 0.296875 0.09375 0
411 0.3125 0.09375 0
412 0.328125 0.09375 0
413 0.34375 0.09375 0
414 0.359375 0.09375 0
415 0.375 0.09375 0
416 0.390625 0.09375 0
417 0.40625 0.09375 0
418 0.421875 0.09375 0
419 0.4375 0.09375 0
420 0.453125 0.09375 0
421 0.46875 0.09375 0
422 0.484375 0.09375 0
423 0.5 0.09375 0
424 0.515625 0.09375 0
425 0.53125 0.09375 0
426 0.546875 0.09375 0
427 0.5625 0.09375 0
428 0.578125 0.09375 0
429 0.59375 0.09375 0
430 0.609375 0.09375 0
431 0.625 0.09375 0
432 0.640625 0.09375 0
433 0.65625 0.09375 0
434 0.671875 0.09375 0
435 0.6875 0.09375 0
436 0.703125 0.09375 0
437 0.71875 0.09375 0
438 0.734375 0.09375 0
439 0.75 0.09375 0
440 0.765625 0.09375 0
441 0.78125 0.09375 0
442 0.796875 0.09375 0
443 0.8125 0.09375 0
444 0.828125 0.09375 0
445 0.84375 0.09375 0
446 0.859375 0.09375 0
447 0.875 0.09375 0
448 0.890625 0.09375 0
449 0.90625 0.09375 0
450 0.921875 0.09375 0
451 0.9375 0.09375 0
452 0.953125 0.09375 0
453 0.96875 0.09375 0
454 0.984375 0.09375 0
455 1 0.09375 0
456 0 0.109375 0
457 0.015625 0.109375 0
458 0.03125 0.109375 0
459 0.046875 0.109375 0
460 0.0625 0.109375 0
461 0.078125 0.109375 0
462 0.09375 0.109375 0
463 0.109375 0.109375 0
464 0.125 0.109375 0
465 0.140625 0.109375 0
466 0.15625 0.109375 0
467 0.171875 0.109375 0
468 0.1875 0.109375 0
469 0.203125 0.109375 0
470 0.21875 0.109375 0
471 0.234375 0.109375 0
472 0.25 0.109375 0
473 0.265625 0.109375 0
474 0.28125 0.109375 0
475 0.296875 0.109375 0
476 0.3125 0.109375 0
477 0.328125 0.109375 0
478 0.34375 0.109375 0
479 0.359375 0.109375 0
480 0.375 0.109375 0
481 0.390625 0.109375 0
482 0.40625 0.109375 0
483 0.421875 0.109375 0
484 0.4375 0.109375 0
485 0.453125 0.109375 0
486 0.46875 0.109375 0
487 0.484375 0.109375 0
488 0.5 0.109375 0
489 0.515625 0.109375 0
490 0.53125 0.109375 0
491 0.546875 0.109375 0
492 0.5625 0.109375 0
493 0.578125 0.109375 0
494 0.59375 0.109375 0
495 0.609375 0.109375 0
496 0.625 0.109375 0
497 0.640625 0.109375 0
498 0.65625 0.109375 0
499 0.671875 0.109375 0
500 0.6875 0.109375 0
501 0.703125 0.109375 0
502 0.71875 0.109375 0
503 0.734375 0.109375 0
504 0.75 0.109375 0
505 0.765625 0.109375 0
506 0.78125 0.109375 0
507 0.796875 0.109375 0
508 0.8125 0.109375 0
509 0.828125 0.109375 0
510 0.84375 0.109375 0
511 0.859375 0.109375 0
512 0.875 0.109375 0
513 0.890625 0.109375 0
514 0.90625 0.109375 0
515 0.921875 0.109375 0
516 0.9375 0.109375 0
517 0.953125 0.109375 0
518 0.96875 0.109375 0
519 0.984375 0.109375 0
520 1 0.109375 0
521 0 0.125 0
522 0.015625 0.125 0
523 0.03125 0.125 0
524 0.046875 0.125 0
525 0.0625 0.125 0
526 0.078125 0.125 0
527 0.09375 0.125 0
528 0.109375 0.125 0
529 0.125 0.125 0
530 0.140625 0.125 0
531 0.15625 0.125 0
532 0.171875 0.125 0
533 0.1875 0.125 0
534 0.203125 0.125 0
535 0.21875 0.125 0
536 0.234375 0.125 0
537 0.25 0.125 0
538 0.265625 0.125 0
539 0.28125 0.125 0
540 0.296875 0.125 0
541 0.3125 0.125 0
542 0.328125 0.125 0
543 0.34375 0.125 0
544 0.359375 0.125 0
545 0.375 0.125 0
546 0.390625 0.125 0
547 0.40625 0.125 0
548 0.421875 0.125 0
549 0.4375 0.125 0
550 0.453125 0.125 0
551 0.46875 0.125 0
552 0.484375 0.125 0
553 0.5 0.125 0
554 0.515625 0.125 0
555 0.53125 0.125 0
556 0.546875 0.125 0
557 0.5625 0.125 0
558 0.578125 0.125 0
559 0.59375 0.125 0
560 0.609375 0.125 0
561 0.625 0.125 0
562 0.640625 0.125 0
563 0.65625 0.125 0
564 0.671875 0.125 0
565 0.6875 0.125 0
566 0.703125 0.125 0
567 0.71875 0.125 0
568 0.734375 0.125 0
569 0.75 0.125 0
570 0.765625 0.125 0
571 0.78125 0.125 0
572 0.796875 0.125 0
573 0.8125 0.125 0
574 0.828125 0.125 0
575 0.84375 0.125 0
576 0.859375 0.125 0
577 0.875 0.125 0
578 0.890625 0.125 0
579 0.90625 0.125 0
580 0.921875 0.125 0
581 0.9375 0.125 0
582 0.953125 0.125 0
583 0.96875 0.125 0
584 0.984375 0.125 0
585 1 0.125 0
586 0 0.140625 0
587 0.015625 0.140625 0
588 0.03125 0.140625 0
589 0.046875 0.140625 0
590 0.0625 0.140625 0
591 0.078125 0.140625 0
592 0.09375 0.140625 0
593 0.109375 0.140625 0
594 0.125 0.140625 0
595 0.140625 0.140625 0
596 0.15625 0.140625 0
597 0.171875 0.140625 0
598 0.1875 0.140625 0
599 0.203125 0.140625 0
600 0.21875 0.140625 0
601 0.234375 0.140625 0
602 0.25 0.140625 0
603 0.265625 0.140625 0
604 0.28125 0.140625 0
605 0.296875 0.140625 0
606 0.3125 0.140625 0
607 0.328125 0.140625 0
608 0.34375 0.140625 0
609 0.359375 0.140625 0
610 0.375 0.140625 0
611 0.390625 0.140625 0
612 0.40625 0.140625 0
613 0.421875 0.140625 0
614 0.4375 0.140625 0
615 0.453125 0.140625 0
616 0.46875 0.140625 0
617 0.484375 0.140625 0
618 0.5 0.140625 0
619 0.515625 0.140625 0
620 0.53125 0.140625 0
621 0.546875 0.140625 0
622 0.5625 0.140625 0
623 0.578125 0.140625 0
624 0.59375 0.140625 0
625 0.609375 0.140625 0
626 0.625 0.140625 0
627 0.640625 0.140625 0
628 0.65625 0.140625 0
629 0.671875 0.140625 0
630 0.6875 0.140625 0
631 0.703125 0.140625 0
632 0.71875 0.140625 0
633 0.734375 0.140625 0
634 0.75 0.140625 0
635 0.765625 0.140625 0
636 0.78125 0.140625 0
637 0.796875 0.140625 0
638 0.8125 0.140625 0
639 0.828125 0.140625 0
640 0.84375 0.140625 0
641 0.859375 0.140625 0
642 0.875 0.140625 0
643 0.890625 0.140625 0
644 0.90625 0.140625 0
645 0.921875 0.140625 0
646 0.9375 0.140625 0
647 0.953125 0.140625 0
648 0.96875 0.140625 0
649 0.984375 0.140625 0
650 1 0.140625 0
651 0 0.15625 0
652 0.015625 0.15625 0
653 0.03125 0.15625 0
654 0.046875 0.15625 0
655 0.0625 0.15625 0
656 0.078125 0.15625 0
657 0.09375 0.15625 0
658 0.109375 0.15625 0
659 0.125 0.15625 0
660 0.140625 0.15625 0
661 0.15625 0.15625 0
662 0.171875 0.15625 0
663 0.1875 0.15625 0
664 0.203125 0.15625 0
665 0.21875 0.15625 0
666 0.234375 0.15625 0
667 0.25 0.15625 0
668 0.265625 0.15625 0
669 0.28125 0.15625 0
670 0.296875 0.15625 0
671 0.3125 0.15625 0
672 0.328125 0.15625 0
673 0.34375 0.15625 0
674 0.359375 0.15625 0
675 0.375 0.15625 0
676 0.390625 0.15625 0
677 0.40625 0.15625 0
678 0.421875 0.15625 0
679 0.4375 0.15625 0
680 0.453125 0.15625 0
681 0.46875 0.15625 0
682 0.484375 0.15625 0
683 0.5 0.15625 0
684 0.515625 0.15625 0
685 0.53125 0.15625 0
686 0.546875 0.15625 0
687 0.5625 0.15625 0
688 0.578125 0.15625 0
689 0.59375 0.15625 0
690 0.609375 0.15625 0
691 0.625 0.15625 0
692 0.640625 0.15625 0
693 0.65625 0.15625 0
694 0.671875 0.15625 0
695 0.6875 0.15625 0
696 0.703125 0.15625 0
697 0.71875 0.15625 0
698 0.734375 0.15625 0
699 0.75 0.15625 0
700 0.765625 0.15625 0
701 0.78125 0.15625 0
702 0.796875 0.15625 0
703 0.8125 0.15625 0
704 0.828125 0.15625 0
705 0.84375 0.15625 0
706 0.859375 0.15625 0
707 0.875 0.15625 0
708 0.890625 0.15625 0
709 0.90625 0.15625 0
710 0.921875 0.15625 0
711 0.9375 0.15625 0
712 0.953125 0.15625 0
713 0.96875 0.15625 0
714 0.984375 0.15625 0
715 1 0.15625 0
716 0 0.171875 0
717 0.015625 0.171875 0
718 0.03125 0.171875 0
719 0.046875 0.171875 0
720 0.0625 0.171875 0
721 0.078125 0.171875 0
722 0.09375 0.171875 0
723 0.109375 0.171875 0
724 0.125 0.171875 0
725 0.140625 0.171875 0
726 0.15625 0.171875 0
727 0.171875 0.171875 0
728 0.1875 0.171875 0
729 0.203125 0.171875 0
730 0.21875 0.171875 0
731 0.234375 0.171875 0
732 0.25 0.171875 0
733 0.265625 0.171875 0
734 0.28125 0.171875 0
735 0.296875 0.171875 0
736 0.3125 0.171875 0
737 0.328125 0.171875 0
738 0.34375 0.171875 0
739 0.359375 0.171875 0
740 0.375 0.171875 0
741 0.390625 0.171875 0
742 0.40625 0.171875 0
743 0.421875 0.171875 0
744 0.4375 0.171875 0
745 0.453125 0.171875 0
746 0.46875 0.171875 0
747 0.484375 0.171875 0
748 0.5 0.171875 0
749 0.515625 0.171875 0
750 0.53125 0.171875 0
751 0.546875 0.171875 0
752 0.5625 0.171875 0
753 0.578125 0.171875 0
754 0.59375 0.171875 0
755 0.609375 0.171875 0
756 0.625 0.171875 0
757 0.640625 0.171875 0
758 0.65625 0.171875 0
759 0.671875 0.171875 0
760 0.6875 0.171875 0
761 0.703125 0.171875 0
762 0.71875 0.171875 0
763 0.734375 0.171875 0
764 0.75 0.171875 0
765 0.765625 0.171875 0
766 0.78125 0.171875 0
767 0.796875 0.171875 0
768 0.8125 0.171875 0
769 0.828125 0.171875 0
770 0.84375 0.171875 0
771 0.859375 0.171875 0
772 0.875 0.171875 0
773 0.890625 0.171875 0
774 0.90625 0.171875 0
775 0.921875 0.171875 0
776 0.9375 0.171875 0
777 0.953125 0.171875 0
778 0.96875 0.171875 0
779 0.984375 0.171875 0
780 1 0.171875 0
781 0 0.1875 0
782 0.015625 0.1875 0
783 0.03125 0.1875 0
784 0.046875 0.1875 0
785 0.0625 0.1875 0
786 0.078125 0.1875 0
787 0.09375 0.1875 0
788 0.109375 0.1875 0
789 0.125 0.1875 0
790 0.140625 0.1875 0
791 0.15625 0.1875 0
792 0.171875 0.1875 0
793 0.1875 0.1875 0
794 0.203125 0.1875 0
795 0.21875 0.1875 0
796 0.234375 0.1875 0
797 0.25 0.1875 0
798 0.265625 0.1875 0
799 0.28125 0.1875 0
800 0.296875 0.1875 0
801 0.3125 0.1875 0
802 0.328125 0.1875 0
803 0.34375 0.1875 0
804 0.359375 0.1875 0
805 0.375 0.1875 0
806 0.390625 0.1875 0
807 0.40625 0.1875 0
808 0.421875 0.1875 0
809 0.4375 0.1875 0
810 0.453125 0.1875 0
811 0.46875 0.1875 0
812 0.484375 0.1875 0
813 0.5 0.1875 0
814 0.515625 0.1875 0
815 0.53125 0.1875 0
816 0.546875 0.1875 0
817 0.5625 0.1875 0
818 0.578125 0.1875 0
819 0.59375 0.1875 0
820 0.609375 0.1875 0
821 0.625 0.1875 0
822 0.640625 0.1875 0
823 0.65625 0.1875 0
824 0.671875 0.1875 0
825 0.6875 0.1875 0
826 0.703125 0.1875 0
827 0.71875 0.1875 0
828 0.734375 0.1875 0
829 0.75 0.1875 0
830 0.765625 0.1875 0
831 0.78125 0.1875 0
832 0.796875 0.1875 0
833 0.8125 0.1875 0
834 0.828125 0.1875 0
835 0.84375 0.1875 0
836 0.859375 0.1875 0
837 0.875 0.1875 0
838 0.890625 0.1875 0
839 0.90625 0.1875 0
840 0.921875 0.1875 0
841 0.9375 0.1875 0
842 0.953125 0.1875 0
843 0.96875 0.1875 0
844 0.984375 0.1875 0
845 1 0.1875 0
846 0 0.203125 0
847 0.015625 0.203125 0
848 0.03125 0.203125 0
849 0.046875 0.203125 0
850 0.0625 0.203125 0
851 0.078125 0.203125 0
852 0.09375 0.203125 0
853 0.109375 0.203125 0
854 0.125 0.203125 0
855 0.140625 0.203125 0
856 0.15625 0.203125 0
857 0.171875 0.203125 0
858 0.1875 0.203125 0
859 0.203125 0.203125 0
860 0.21875 0.203125 0
861 0.234375 0.203125 0
862 0.25 0.203125 0
863 0.265625 0.203125 0
864 0.28125 0.203125 0
865 0.296875 0.203125 0
866 0.3125 0.203125 0
867 0.328125 0.203125 0
868 0.34375 0.203125 0
869 0.359375 0.203125 0
870 0.375 0.203125 0
871 0.390625 0.203125 0
872 0.40625 0.203125 0
873 0.421875 0.203125 0
874 0.4375 0.203125 0
875 0.453125 0.203125 0
876 0.46875 0.203125 0
877 0.484375 0.203125 0
878 0.5 0.203125 0
879 0.515625 0.203125 0
880 0.53125 0.203125 0
881 0.546875 0.203125 0
882 0.5625 0.203125 0
883 0.578125 0.203125 0
884 0.59375 0.203125 0
885 0.609375 0.203125 0
886 0.625 0.203125 0
887 0.640625 0.203125 0
888 0.65625 0.203125 0
889 0.671875 0.203125 0
890 0.6875 0.203125 0
891 0.703125 0.203125 0
892 0.71875 0.203125 0
893 0.734375 0.203125 0
894 0.75 0.203125 0
895 0.765625 0.203125 0
896 0.78125 0.203125 0
897 0.796875 0.203125 0
898 0.8125 0.203125 0
899 0.828125 0.203125 0
900 0.84375 0.203125 0
901 0.859375 0.203125 0
902 0.875 0.203125 0
903 0.890625 0.203125 0
904 0.90625 0.203125 0
905 0.921875 0.203125 0
906 0.9375 0.203125 0
907 0.953125 0.203125 0
908 0.96875 0.203125 0
909 0.984375 0.203125 0
910 1 0.203125 0
911 0 0.21875 0
912 0.015625 0.21875 0
913 0.03125 0.21875 0
914 0.046875 0.21875 0
915 0.0625 0.21875 0
916 0.078125 0.21875 0
917 0.09375 0.21875 0
918 0.109375 0.21875 0
919 0.125 0.21875 0
920 0.140625 0.21875 0
921 0.15625 0.21875 0
922 0.171875 0.21875 0
923 0.1875 0.21875 0
924 0.203125 0.21875 0
925 0.21875 0.21875 0
926 0.234375 0.21875 0
927 0.25 0.21875 0
928 0.265625 0.21875 0
929 0.28125 0.21875 0
930 0.296875 0.21875 0
931 0.3125 0.21875 0
932 0.328125 0.21875 0
933 0.34375 0.21875 0
934 0.359375 0.21875 0
935 0.375 0.21875 0
936 0.390625 0.21875 0
937 0.40625 0.21875 0
938 0.421875 0.21875 0
939 0.4375 0.21875 0
940 0.453125 0.21875 0
941 0.46875 0.21875 0
942 0.484375 0.21875 0
943 0.5 0.21875 0
944 0.515625 0.21875 0
945 0.53125 0.21875 0
946 0.546875 0.21875 0
947 0.5625 0.21875 0
948 0.578125 0.21875 0
949 0.59375 0.21875 0
950 0.609375 0.21875 0
951 0.625 0.21875 0
952 0.640625 0.21875 0
953 0.65625 0.21875 0
954 0.671875 0.21875 0
955 0.6875 0.21875 0
956 0.703125 0.21875 0
957 0.71875 0.21875 0
958 0.734375 0.21875 0
959 0.75 0.21875 0
960 0.765625 0.21875 0
961 0.78125 0.21875 0
962 0.796875 0.21875 0
963 0.8125 0.21875 0
964 0.828125 0.21875 0
965 0.84375 0.21875 0
966 0.859375 0.21875 0
967 0.875 0.21875 0
968 0.890625 0.21875 0
969 0.90625 0.21875 0
970 0.921875 0.21875 0
971 0.9375 0.21875 0
972 0.953125 0.21875 0
973 0.96875 0.21875 0
974 0.984375 0.21875 0
975 1 0.21875 0
976 0 0.234375 0
977 0.015625 0.234375 0
978 0.03125 0.234375 0
979 0.046875 0.234375 0
980 0.0625 0.234375 0
981 0.078125 0.234375 0
982 0.09375 0.234375 0
983 0.109375 0.234375 0
984 0.125 0.234375 0
985 0.140625 0.234375 0
986 0.15625 0.234375 0
987 0.171875 0.234375 0
988 0.1875 0.234375 0
989 0.203125 0.234375 0
990 0.21875 0.234375 0
991 0.234375 0.234375 0
992 0.25 0.234375 0
993 0.265625 0.234375 0
994 0.28125 0.234375 0
995 0.296875 0.234375 0
996 0.3125 0.234375 0
997 0.328125 0.234375 0
998 0.34375 0.234375 0
999 0.359375 0.234375 0
1000 0.375 0.234375 0
1001 0.390625 0.234375 0
1002 0.40625 0.234375 0
1003 0.421875 0.234375 0
1004 0.4375 0.234375 0
1005 0.453125 0.234375 0
1006 0.46875 0.234375 0
1007 0.484375 0.234375 0
1008 0.5 0.234375 0
1009 0.515625 0.234375 0
1010 0.53125 0.234375 0
1011 0.546875 0.234375 0
1012 0.5625 0.234375 0
1013 0.578125 0.234375 0
1014 0.59375 0.234375 0
1015 0.609375 0.234375 0
1016 0.625 0.234375 0
1017 0.640625 0.234375 0
1018 0.65625 0.234375 0
1019 0.671875 0.234375 0
1020 0.6875 0.234375 0
1021 0.703125 0.234375 0
1022 0.71875 0.234375 0
1023 0.734375 0.234375 0
1024 0.75 0.234375 0
1025 0.765625 0.234375 0
1026 0.78125 0.234375 0
1027 0.796875 0.234375 0
1028 0.8125 0.234375 0
1029 0.828125 0.234375 0
1030 0.84375 0.234375 0
1031 0.859375 0.234375 0
1032 0.875 0.234375 0
1033 0.890625 0.234375 0
1034 0.90625 0.234375 0
1035 0.921875 0.234375 0
1036 0.9375 0.234375 0
1037 0.953125 0.234375 0
1038 0.96875 0.234375 0
1039 0.984375 0.234375 0
1040 1 0.234375 0
1041 0 0.25 0
1042 0.015625 0.25 0
1043 0.03125 0.25 0
1044 0.046875 0.25 0
1045 0.0625 0.25 0
1046 0.078125 0.25 0
1047 0.09375 0.25 0
1048 0.109375 0.25 0
1049 0.125 0.25 0
1050 0.140625 0.25 0
1051 0.15625 0.25 0
1052 0.171875 0.25 0
1053 0.1875 0.25 0
1054 0.203125 0.25 0
1055 0.21875 0.25 0
1056 0.234375 0.25 0
1057 0.25 0.25 0
1058 0.265625 0.25 0
1059 0.28125 0.25 0
1060 0.296875 0.25 0
1061 0.3125 0.25 0
1062 0.328125 0.25 0
1063 0.34375 0.25 0
1064 0.359375 0.25 0
1065 0.375 0.25 0
1066 0.390625 0.25 0
1067 0.40625 0.25 0
1068 0.421875 0.25 0
1069 0.4375 0.25 0
1070 0.453125 0.25 0
1071 0.46875 0.25 0
1072 0.484375 0.25 0
1073 0.5 0.25 0
1074 0.515625 0.25 0
1075 0.53125 0.25 0
1076 0.546875 0.25 0
1077 0.5625 0.25 0
1078 0.578125 0.25 0
1079 0.59375 0.25 0
1080 0.609375 0.25 0
1081 0.625 0.25 0
1082 0.640625 0.25 0
1083 0.65625 0.25 0
1084 0.671875 0.25 0
1085 0.6875 0.25 0
1086 0.703125 0.25 0
1087 0.71875 0.25 0
1088 0.734375 0.25 0
1089 0.75 0.25 0
1090 0.765625 0.25 0
1091 0.78125 0.25 0
1092 0.796875 0.25 0
1093 0.8125 0.25 0
1094 0.828125 0.25 0
1095 0.84375 0.25 0
1096 0.859375 0.25 0
1097 0.875 0.25 0
1098 0.890625 0.25 0
1099 0.90625 0.25 0
1100 0.921875 0.25 0
1101 0.9375 0.25 0
1102 0.953125 0.25 0
1103 0.96875 0.25 0
1104 0.984375 0.25 0
1105 1 0.25 0
1106 0 0.265625 0
1107 0.015625 0.265625 0
1108 0.03125 0.265625 0
1109 0.046875 0.265625 0
1110 0.0625 0.265625 0
1111 0.078125 0.265625 0
1112 0.09375 0.265625 0
1113 0.109375 0.265625 0
1114 0.125 0.265625 0
1115 0.140625 0.265625 0
1116 0.15625 0.265625 0
1117 0.171875 0.265625 0
1118 0.1875 0.265625 0
1119 0.203125 0.265625 0
1120 0.21875 0.265625 0
1121 0.234375 0.265625 0
1122 0.25 0.265625 0
1123 0.265625 0.265625 0
1124 0.28125 0.265625 0
1125 0.296875 0.265625 0
1126 0.3125 0.265625 0
1127 0.328125 0.265625 0
1128 0.34375 0.265625 0
1129 0.359375 0.265625 0
1130 0.375 0.265625 0
1131 0.390625 0.265625 0
1132 0.40625 0.265625 0
1133 0.421875 0.265625 0
1134 0.4375 0.265625 0
1135 0.453125 0.265625 0
1136 0.46875 0.265625 0
1137 0.484375 0.265625 0
1138 0.5 0.265625 0
1139 0.515625 0.265625 0
1140 0.53125 0.265625 0
1141 0.546875 0.265625 0
1142 0.5625 0.265625 0
1143 0.578125 0.265625 0
1144 0.59375 0.265625 0
1145 0.609375 0.265625 0
1146 0.625 0.265625 0
1147 0.640625 0.265625 0
1148 0.65625 0.265625 0
1149 0.671875 0.265625 0
1150 0.6875 0.265625 0
1151 0.703125 0.265625 0
1152 0.71875 0.265625 0
1153 0.734375 0.265625 0
1154 0.75 0.265625 0
1155 0.765625 0.265625 0
1156 0.78125 0.265625 0
1157 0.796875 0.265625 0
1158 0.8125 0.265625 0
1159 0.828125 0.265625 0
1160 0.84375 0.265625 0
1161 0.859375 0.265625 0
1162 0.875 0.265625 0
1163 0.890625 0.265625 0
1164 0.90625 0.265625 0
1165 0.921875 0.265625 0
1166 0.9375 0.265625 0
1167 0.953125 0.265625 0
1168 0.96875 0.265625 0
1169 0.984375 0.265625 0
1170 1 0.265625 0
1171 0 0.28125 0
1172 0.015625 0.28125 0
1173 0.03125 0.28125 0
1174 0.046875 0.28125 0
1175 0.0625 0.28125 0
1176 0.078125 0.28125 0
1177 0.09375 0.28125 0
1178 0.109375 0.28125 0
1179 0.125 0.28125 0
1180 0.140625 0.28125 0
1181 0.15625 0.28125 0
1182 0.171875 0.28125 0
1183 0.1875 0.28125 0
1184 0.203125 0.28125 0
1185 0.21875 0.28125 0
1186 0.234375 0.28125 0
1187 0.25 0.28125 0
1188 0.265625 0.28125 0
1189 0.28125 0.28125 0
1190 0.296875 0.28125 0
1191 0.3125 0.28125 0
1192 0.328125 0.28125 0
1193 0.34375 0.28125 0
1194 0.359375 0.28125 0
1195 0.375 0.28125 0
1196 0.390625 0.28125 0
1197 0.40625 0.28125 0
1198 0.421875 0.28125 0
1199 0.4375 0.28125 0
1200 0.453125 0.28125 0
1201 0.46875 0.28125 0
1202 0.484375 0.28125 0
1203 0.5 0.28125 0
1204 0.515625 0.28125 0
1205 0.53125 0.28125 0
1206 0.546875 0.28125 0
1207 0.5625 0.28125 0
1208 0.578125 0.28125 0
1209 0.59375 0.28125 0
1210 0.609375 0.28125 0
1211 0.625 0.28125 0
1212 0.640625 0.28125 0
1213 0.65625 0.28125 0
1214 0.671875 0.28125 0
1215 0.6875 0.28125 0
1216 0.703125 0.28125 0
1217 0.71875 0.28125 0
1218 0.734375 0.28125 0
1219 0.75 0.28125 0
1220 0.765625 0.28125 0
1221 0.78125 0.28125 0
1222 0.796875 0.28125 0
1223 0.8125 0.28125 0
1224 0.828125 0.28125 0
1225 0.84375 0.28125 0
1226 0.859375 0.28125 0
1227 0.875 0.28125 0
1228 0.890625 0.28125 0
1229 0.90625 0.28125 0
1230 0.921875 0.28125 0
1231 0.9375 0.28125 0
1232 0.953125 0.28125 0
1233 0.96875 0.28125 0
1234 0.984375 0.28125 0
1235 1 0.28125 0
1236 0 0.296875 0
1237 0.015625 0.296875 0
1238 0.03125 0.296875 0
1239 0.046875 0.296875 0
1240 0.0625 0.296875 0
1241 0.078125 0.296875 0
1242 0.09375 0.296875 0
1243 0.109375 0.296875 0
1244 0.125 0.296875 0
1245 0.140625 0.296875 0
1246 0.15625 0.296875 0
1247 0.171875 0.296875 0
1248 0.1875 0.296875 0
1249 0.203125 0.296875 0
1250 0.21875 0.296875 0
1251 0.234375 0.296875 0
1252 0.25 0.296875 0
1253 0.265625 0.296875 0
1254 0.28125 0.296875 0
1255 0.296875 0.296875 0
1256 0.3125 0.296875 0
1257 0.328125 0.296875 0
1258 0.34375 0.296875 0
1259 0.359375 0.296875 0
1260 0.375 0.296875 0
1261 0.390625 0.296875 0
1262 0.40625 0.296875 0
1263 0.421875 0.296875 0
1264 0.4375 0.296875 0
1265 0.453125 0.296875 0
1266 0.46875 0.296875 0
1267 0.484375 0.296875 0
1268 0.5 0.296875 0
1269 0.515625 0.296875 0
1270 0.53125 0.296875 0
1271 0.546875 0.296875 0
1272 0.5625 0.296875 0
1273 0.578125 0.296875 0
1274 0.59375 0.296875 0
1275 0.609375 0.296875 0
1276 0.625 0.296875 0
1277 0.640625 0.296875 0
1278 0.65625 0.296875 0
1279 0.671875 0.296875 0
1280 0.6875 0.296875 0
1281 0.703125 0.296875 0
1282 0.71875 0.296875 0
1283 0.734375 0.296875 0
1284 0.75 0.296875 0
1285 0.765625 0.296875 0
1286 0.78125 0.296875 0
1287 0.796875 0.296875 0
1288 0.8125 0.296875 0
1289 0.828125 0.296875 0
1290 0.84375 0.296875 0
1291 0.859375 0.296875 0
1292 0.875 0.296875 0
1293 0.890625 0.296875 0
1294 0.90625 0.296875 0
1295 0.921875 0.296875 0
1296 0.9375 0.296875 0
1297 0.953125 0.296875 0
1298 0.96875 0.296875 0
1299 0.984375 0.296875 0
1300 1 0.296875 0
1301 0 0.3125 0
1302 0.015625 0.3125 0
1303 0.03125 0.3125 0
1304 0.046875 0.3125 0
1305 0.0625 0.3125 0
1306 0.078125 0.3125 0
1307 0.09375 0.3125 0
1308 0.109375 0.3125 0
1309 0.125 0.3125 0
1310 0.140625 0.3125 0
1311 0.15625 0.3125 0
1312 0.171875 0.3125 0
1313 0.1875 0.3125 0
1314 0.203125 0.3125 0
1315 0.21875 0.3125 0
1316 0.234375 0.3125 0
1317 0.25 0.3125 0
1318 0.265625 0.3125 0
1319 0.28125 0.3125 0
1320 0.296875 0.3125 0
1321 0.3125 0.3125 0
1322 0.328125 0.3125 0
1323 0.34375 0.3125 0
1324 0.359375 0.3125 0
1325 0.375 0.3125 0
1326 0.390625 0.3125 0
1327 0.40625 0.3125 0
1328 0.421875 0.3125 0
1329 0.4375 0.3125 0
1330 0.453125 0.3125 0
1331 0.46875 0.3125 0
1332 0.484375 0.3125 0
1333 0.5 0.3125 0
1334 0.515625 0.3125 0
1335 0.53125 0.3125 0
1336 0.546875 0.3125 0
1337 0.5625 0.3125 0
1338 0.578125 0.3125 0
1339 0.59375 0.3125 0
1340 0.609375 0.3125 0
1341 0.625 0.3125 0
1342 0.640625 0.3125 0
1343 0.65625 0.3125 0
1344 0.671875 0.3125 0
1345 0.6875 0.3125 0
1346 0.703125 0.3125 0
1347 0.71875 0.3125 0
1348 0.734375 0.3125 0
1349 0.75 0.3125 0
1350 0.765625 0.3125 0
1351 0.78125 0.3125 0
1352 0.796875 0.3125 0
1353 0.8125 0.3125 0
1354 0.828125 0.3125 0
1355 0.84375 0.3125 0
1356 0.859375 0.3125 0
1357 0.875 0.3125 0
1358 0.890625 0.3125 0
1359 0.90625 0.3125 0
1360 0.921875 0.3125 0
1361 0.9375 0.3125 0
1362 0.953125 0.3125 0
1363 0.96875 0.3125 0
1364 0.984375 0.3125 0
1365 1 0.3125 0
1366 0 0.328125 0
1367 0.015625 0.328125 0
1368 0.03125 0.328125 0
1369 0.046875 0.328125 0
1370 0.0625 0.328125 0
1371 0.078125 0.328125 0
1372 0.09375 0.328125 0
1373 0.109375 0.328125 0
1374 0.125 0.328125 0
1375 0.140625 0.328125 0
1376 0.15625 0.328125 0
1377 0.171875 0.328125 0
1378 0.1875 0.328125 0
1379 0.203125 0.328125 0
1380 0.21875 0.328125 0
1381 0.234375 0.328125 0
1382 0.25 0.328125 0
1383 0.265625 0.328125 0
1384 0.28125 0.328125 0
1385 0.296875 0.328125 0
1386 0.3125 0.328125 0
1387 0.328125 0.328125 0
1388 0.34375 0.328125 0
1389 0.359375 0.328125 0
1390 0.375 0.328125 0
1391 0.390625 0.328125 0
1392 0.40625 0.328125 0
1393 0.421875 0.328125 0
1394 0.4375 0.328125 0
1395 0.453125 0.328125 0
1396 0.46875 0.328125 0
1397 0.484375 0.328125 0
1398 0.5 0.328125 0
1399 0.515625 0.328125 0
1400 0.53125 0.328125 0
1401 0.546875 0.328125 0
1402 0.5625 0.328125 0
1403 0.578125 0.328125 0
1404 0.59375 0.328125 0
1405 0.609375 0.328125 0
1406 0.625 0.328125 0
1407 0.640625 0.328125 0
1408 0.65625 0.328125 0
1409 0.671875 0.328125 0
1410 0.6875 0.328125 0
1411 0.703125 0.328125 0
1412 0.71875 0.328125 0
1413 0.734375 0.328125 0
1414 0.75 0.328125 0
1415 0.765625 0.328125 0
1416 0.78125 0.328125 0
1417 0.796875 0.328125 0
1418 0.8125 0.328125 0
1419 0.828125 0.328125 0
1420 0.84375 0.328125 0
1421 0.859375 0.328125 0
1422 0.875 0.328125 0
1423 0.890625 0.328125 0
1424 0.90625 0.328125 0
1425 0.921875 0.328125 0
1426 0.9375 0.328125 0
1427 0.953125 0.328125 0
1428 0.96875 0.328125 0
1429 0.984375 0.328125 0
1430 1 0.328125 0
1431 0 0.34375 0
1432 0.015625 0.34375 0
1433 0.03125 0.34375 0
1434 0.046875 0.34375 0
1435 0.0625 0.34375 0
1436 0.078125 0.34375 0
1437 0.09375 0.34375 0
1438 0.109375 0.34375 0
1439 0.125 0.34375 0
1440 0.140625 0.34375 0
1441 0.15625 0.34375 0
1442 0.171875 0.34375 0
1443 0.1875 0.34375 0
1444 0.203125 0.34375 0
1445 0.21875 0.34375 0
1446 0.234375 0.34375 0
1447 0.25 0.34375 0
1448 0.265625 0.34375 0
1449 0.28125 0.34375 0
1450 0.296875 0.34375 0
1451 0.3125 0.34375 0
1452 0.328125 0.34375 0
1453 0.34375 0.34375 0
1454 0.359375 0.34375 0
1455 0.375 0.34375 0
1456 0.390625 0.34375 0
1457 0.40625 0.34375 0
1458 0.421875 0.34375 0
1459 0.4375 0.34375 0
1460 0.453125 0.34375 0
1461 0.46875 0.34375 0
1462 0.484375 0.34375 0
1463 0.5 0.34375 0
1464 0.515625 0.34375 0
1465 0.53125 0.34375 0
1466 0.546875 0.34375 0
1467 0.5625 0.34375 0
1468 0.578125 0.34375 0
1469 0.59375 0.34375 0
1470 0.609375 0.34375 0
1471 0.625 0.34375 0
1472 0.640625 0.34375 0
1473 0.65625 0.34375 0
1474 0.671875 0.34375 0
1475 0.6875 0.34375 0
1476 0.703125 0.34375 0
1477 0.71875 0.34375 0
1478 0.734375 0.34375 0
1479 0.75 0.34375 0
1480 0.765625 0.34375 0
1481 0.78125 0.34375 0
1482 0.796875 0.34375 0
1483 0.8125 0.34375 0
1484 0.828125 0.34375 0
1485 0.84375 0.34375 0
1486 0.859375 0.34375 0
1487 0.875 0.34375 0
1488 0.890625 0.34375 0
1489 0.90625 0.34375 0
1490 0.921875 0.34375 0
1491 0.9375 0.34375 0
1492 0.953125 0.34375 0
1493 0.96875 0.34375 0
1494 0.984375 0.34375 0
1495 1 0.34375 0
1496 0 0.359375 0
1497 0.015625 0.359375 0
1498 0.03125 0.359375 0
1499 0.046875 0.359375 0
1500 0.0625 0.359375 0
1501 0.078125 0.359375 0
1502 0.09375 0.359375 0
1503 0.109375 0.359375 0
1504 0.125 0.359375 0
1505 0.140625 0.359375 0
1506 0.15625 0.359375 0
1507 0.171875 0.359375 0
1508 0.1875 0.359375 0
1509 0.203125 0.359375 0
1510 0.21875 0.359375 0
1511 0.234375 0.359375 0
1512 0.25 0.359375 0
1513 0.265625 0.359375 0
1514 0.28125 0.359375 0
1515 0.296875 0.359375 0
1516 0.3125 0.359375 0
1517 0.328125 0.359375 0
1518 0.34375 0.359375 0
1519 0.359375 0.359375 0
1520 0.375 0.359375 0
1521 0.390625 0.359375 0
1522 0.40625 0.359375 0
1523 0.421875 0.359375 0
1524 0.4375 0.359375 0
1525 0.453125 0.359375 0
1526 0.46875 0.359375 0
1527 0.484375 0.359375 0
1528 0.5 0.359375 0
1529 0.515625 0.359375 0
1530 0.53125 0.359375 0
1531 0.546875 0.359375 0
1532 0.5625 0.359375 0
1533 0.578125 0.359375 0
1534 0.59375 0.359375 0
1535 0.609375 0.359375 0
1536 0.625 0.359375 0
1537 0.640625 0.359375 0
1538 0.65625 0.359375 0
1539 0.671875 0.359375 0
1540 0.6875 0.359375 0
1541 0.703125 0.359375 0
1542 0.71875 0.359375 0
1543 0.734375 0.359375 0
1544 0.75 0.359375 0
1545 0.765625 0.359375 0
1546 0.78125 0.359375 0
1547 0.796875 0.359375 0
1548 0.8125 0.359375 0
1549 0.828125 0.359375 0
1550 0.84375 0.359375 0
1551 0.859375 0.359375 0
1552 0.875 0.359375 0
1553 0.890625 0.359375 0
1554 0.90625 0.359375 0
1555 0.921875 0.359375 0
1556 0.9375 0.359375 0
1557 0.953125 0.359375 0
1558 0.96875 0.359375 0
1559 0.984375 0.359375 0
1560 1 0.359375 0
1561 0 0.375 0
1562 0.015625 0.375 0
1563 0.03125 0.375 0
1564 0.046875 0.375 0
1565 0.0625 0.375 0
1566 0.078125 0.375 0
1567 0.09375 0.375 0
1568 0.109375 0.375 0
1569 0.125 0.375 0
1570 0.140625 0.375 0
1571 0.15625 0.375 0
1572 0.171875 0.375 0
1573 0.1875 0.375 0
1574 0.203125 0.375 0
1575 0.21875 0.375 0
1576 0.234375 0.375 0
1577 0.25 0.375 0
1578 0.265625 0.375 0
1579 0.28125 0.375 0
1580 0.296875 0.375 0
1581 0.3125 0.375 0
1582 0.328125 0.375 0
1583 0.34375 0.375 0
1584 0.359375 0.375 0
1585 0.375 0.375 0
1586 0.390625 0.375 0
1587 0.40625 0.375 0
1588 0.421875 0.375 0
1589 0.4375 0.375 0
1590 0.453125 0.375 0
1591 0.46875 0.375 0
1592 0.484375 0.375 0
1593 0.5 0.375 0
1594 0.515625 0.375 0
1595 0.53125 0.375 0
1596 0.546875 0.375 0
1597 0.5625 0.375 0
1598 0.578125 0.375 0
1599 0.59375 0.375 0
1600 0.609375 0.375 0
1601 0.625 0.375 0
1602 0.640625 0.375 0
1603 0.65625 0.375 0
1604 0.671875 0.375 0
1605 0.6875 0.375 0
1606 0.703125 0.375 0
1607 0.71875 0.375 0
1608 0.734375 0.375 0
1609 0.75 0.375 0
1610 0.765625 0.375 0
1611 0.78125 0.375 0
1612 0.796875 0.375 0
1613 0.8125 0.375 0
1614 0.828125 0.375 0
1615 0.84375 0.375 0
1616 0.859375 0.375 0
1617 0.875 0.375 0
1618 0.890625 0.375 0
1619 0.90625 0.375 0
1620 0.921875 0.375 0
1621 0.9375 0.375 0
1622 0.953125 0.375 0
1623 0.96875 0.375 0
1624 0.984375 0.375 0
1625 1 0.375 0
1626 0 0.390625 0
1627 0.015625 0.390625 0
1628 0.03125 0.390625 0
1629 0.046875 0.390625 0
1630 0.0625 0.390625 0
1631 0.078125 0.390625 0
1632 0.09375 0.390625 0
1633 0.109375 0.390625 0
1634 0.125 0.390625 0
1635 0.140625 0.390625 0
1636 0.15625 0.390625 0
1637 0.171875 0.390625 0
1638 0.1875 0.390625 0
1639 0.203125 0.390625 0
1640 0.21875 0.390625 0
1641 0.234375 0.390625 0
1642 0.25 0.390625 0
1643 0.265625 0.390625 0
1644 0.28125 0.390625 0
1645 0.296875 0.390625 0
1646 0.3125 0.390625 0
1647 0.328125 0.390625 0
1648 0.34375 0.390625 0
1649 0.359375 0.390625 0
1650 0.375 0.390625 0
1651 0.390625 0.390625 0
1652 0.40625 0.390625 0
1653 0.421875 0.390625 0
1654 0.4375 0.390625 0
1655 0.453125 0.390625 0
1656 0.46875 0.390625 0
1657 0.484375 0.390625 0
1658 0.5 0.390625 0
1659 0.515625 0.390625 0
1660 0.53125 0.390625 0
1661 0.546875 0.390625 0
1662 0.5625 0.390625 0
1663 0.578125 0.390625 0
1664 0.59375 0.390625 0
1665 0.609375 0.390625 0
1666 0.625 0.390625 0
1667 0.640625 0.390625 0
1668 0.65625 0.390625 0
1669 0.671875 0.390625 0
1670 0.6875 0.390625 0
1671 0.703125 0.390625 0
1672 0.71875 0.390625 0
1673 0.734375 0.390625 0
1674 0.75 0.390625 0
1675 0.765625 0.390625 0
1676 0.78125 0.390625 0
1677 0.796875 0.390625 0
1678 0.8125 0.390625 0
1679 0.828125 0.390625 0
1680 0.84375 0.390625 0
1681 0.859375 0.390625 0
1682 0.875 0.390625 0
1683 0.890625 0.390625 0
1684 0.90625 0.390625 0
1685 0.921875 0.390625 0
1686 0.9375 0.390625 0
1687 0.953125 0.390625 0
1688 0.96875 0.390625 0
1689 0.984375 0.390625 0
1690 1 0.390625 0
1691 0 0.40625 0
1692 0.015625 0.40625 0
1693 0.03125 0.40625 0
1694 0.046875 0.40625 0
1695 0.0625 0.40625 0
1696 0.078125 0.40625 0
1697 0.09375 0.40625 0
1698 0.109375 0.40625 0
1699 0.125 0.40625 0
1700 0.140625 0.40625 0
1701 0.15625 0.40625 0
1702 0.171875 0.40625 0
1703 0.1875 0.40625 0
1704 0.203125 0.40625 0
1705 0.21875 0.40625 0
1706 0.234375 0.40625 0
1707 0.25 0.40625 0
1708 0.265625 0.40625 0
1709 0.28125 0.40625 0
1710 0.296875 0.40625 0
1711 0.3125 0.40625 0
1712 0.328125 0.40625 0
1713 0.34375 0.40625 0
1714 0.359375 0.40625 0
1715 0.375 0.40625 0
1716 0.390625 0.40625 0
1717 0.40625 0.40625 0
1718 0.421875 0.40625 0
1719 0.4375 0.40625 0
1720 0.453125 0.40625 0
1721 0.46875 0.40625 0
1722 0.484375 0.40625 0
1723 0.5 0.40625 0
1724 0.515625 0.40625 0
1725 0.53125 0.40625 0
1726 0.546875 0.40625 0
1727 0.5625 0.40625 0
1728 0.578125 0.40625 0
1729 0.59375 0.40625 0
1730 0.609375 0.40625 0
1731 0.625 0.40625 0
1732 0.640625 0.40625 0
1733 0.65625 0.40625 0
1734 0.671875 0.40625 0
1735 0.6875 0.40625 0
1736 0.703125 0.40625 0
1737 0.71875 0.40625 0
1738 0.734375 0.40625 0
1739 0.75 0.40625 0
1740 0.765625 0.40625 0
1741 0.78125 0.40625 0
1742 0.796875 0.40625 0
1743 0.8125 0.40625 0
1744 0.828125 0.40625 0
1745 0.84375 0.40625 0
1746 0.859375 0.40625 0
1747 0.875 0.40625 0
1748 0.890625 0.40625 0
1749 0.90625 0.40625 0
1750 0.921875 0.40625 0
1751 0.9375 0.40625 0
1752 0.953125 0.40625 0
1753 0.96875 0.40625 0
1754 0.984375 0.40625 0
1755 1 0.40625 0
1756 0 0.421875 0
1757 0.015625 0.421875 0
1758 0.03125 0.421875 0
1759 0.046875 0.421875 0
1760 0.0625 0.421875 0
1761 0.078125 0.421875 0
1762 0.09375 0.421875 0
1763 0.109375 0.421875 0
1764 0.125 0.421875 0
1765 0.140625 0.421875 0
1766 0.15625 0.421875 0
1767 0.171875 0.421875 0
1768 0.1875 0.421875 0
1769 0.203125 0.421875 0
1770 0.21875 0.421875 0
1771 0.234375 0.421875 0
1772 0.25 0.421875 0
1773 0.265625 0.421875 0
1774 0.28125 0.421875 0
1775 0.296875 0.421875 0
1776 0.3125 0.421875 0
1777 0.328125 0.421875 0
1778 0.34375 0.421875 0
1779 0.359375 0.421875 0
1780 0.375 0.421875 0
1781 0.390625 0.421875 0
1782 0.40625 0.421875 0
1783 0.421875 0.421875 0
1784 0.4375 0.421875 0
1785 0.453125 0.421875 0
1786 0.46875 0.421875 0
1787 0.484375 0.421875 0
1788 0.5 0.421875 0
1789 0.515625 0.421875 0
1790 0.53125 0.421875 0
1791 0.546875 0.421875 0
1792 0.5625 0.421875 0
1793 0.578125 0.421875 0
1794 0.59375 0.421875 0
1795 0.609375 0.421875 0
1796 0.625 0.421875 0
1797 0.640625 0.421875 0
1798 0.65625 0.421875 0
1799 0.671875 0.421875 0
1800 0.6875 0.421875 0
1801 0.703125 0.421875 0
1802 0.71875 0.421875 0
1803 0.734375 0.421875 0
1804 0.75 0.421875 0
1805 0.765625 0.421875 0
1806 0.78125 0.421875 0
1807 0.796875 0.421875 0
1808 0.8125 0.421875 0
1809 0.828125 0.421875 0
1810 0.84375 0.421875 0
1811 0.859375 0.421875 0
1812 0.875 0.421875 0
1813 0.890625 0.421875 0
1814 0.90625 0.421875 0
1815 0.921875 0.421875 0
1816 0.9375 0.421875 0
1817 0.953125 0.421875 0
1818 0.96875 0.421875 0
1819 0.984375 0.421875 0
1820 1 0.421875 0
1821 0 0.4375 0
1822 0.015625 0.4375 0
1823 0.03125 0.4375 0
1824 0.046875 0.4375 0
1825 0.0625 0.4375 0
1826 0.078125 0.4375 0
1827 0.09375 0.4375 0
1828 0.109375 0.4375 0
1829 0.125 0.4375 0
1830 0.140625 0.4375 0
1831 0.15625 0.4375 0
1832 0.171875 0.4375 0
1833 0.1875 0.4375 0
1834 0.203125 0.4375 0
1835 0.21875 0.4375 0
1836 0.234375 0.4375 0
1837 0.25 0.4375 0
1838 0.265625 0.4375 0
1839 0.28125 0.4375 0
1840 0.296875 0.4375 0
1841 0.3125 0.4375 0
1842 0.328125 0.4375 0
1843 0.34375 0.4375 0
1844 0.359375 0.4375 0
1845 0.375 0.4375 0
1846 0.390625 0.4375 0
1847 0.40625 0.4375 0
1848 0.421875 0.4375 0
1849 0.4375 0.4375 0
1850 0.453125 0.4375 0
1851 0.46875 0.4375 0
1852 0.484375 0.4375 0
1853 0.5 0.4375 0
1854 0.515625 0.4375 0
1855 0.53125 0.4375 0
1856 0.546875 0.4375 0
1857 0.5625 0.4375 0
1858 0.578125 0.4375 0
1859 0.59375 0.4375 0
1860 0.609375 0.4375 0
1861 0.625 0.4375 0
1862 0.640625 0.4375 0
1863 0.65625 0.4375 0
1864 0.671875 0.4375 0
1865 0.6875 0.4375 0
1866 0.703125 0.4375 0
1867 0.71875 0.4375 0
1868 0.734375 0.4375 0
1869 0.75 0.4375 0
1870 0.765625 0.4375 0
1871 0.78125 0.4375 0
1872 0.796875 0.4375 0
1873 0.8125 0.4375 0
1874 0.828125 0.4375 0
1875 0.84375 0.4375 0
1876 0.859375 0.4375 0
1877 0.875 0.4375 0
1878 0.890625 0.4375 0
1879 0.90625 0.4375 0
1880 0.921875 0.4375 0
1881 0.9375 0.4375 0
1882 0.953125 0.4375 0
1883 0.96875 0.4375 0
1884 0.984375 0.4375 0
1885 1 0.4375 0
1886 0 0.453125 0
1887 0.015625 0.453125 0
1888 0.03125 0.453125 0
1889 0.046875 0.453125 0
1890 0.0625 0.453125 0
1891 0.078125 0.453125 0
1892 0.09375 0.453125 0
1893 0.109375 0.453125 0
1894 0.125 0.453125 0
1895 0.140625 0.453125 0
1896 0.15625 0.453125 0
1897 0.171875 0.453125 0
1898 0.1875 0.453125 0
1899 0.203125 0.453125 0
1900 0.21875 0.453125 0
1901 0.234375 0.453125 0
1902 0.25 0.453125 0
1903 0.265625 0.453125 0
1904 0.28125 0.453125 0
1905 0.296875 0.453125 0
1906 0.3125 0.453125 0
1907 0.328125 0.453125 0
1908 0.34375 0.453125 0
1909 0.359375 0.453125 0
1910 0.375 0.453125 0
1911 0.390625 0.453125 0
1912 0.40625 0.453125 0
1913 0.421875 0.453125 0
1914 0.4375 0.453125 0
1915 0.453125 0.453125 0
1916 0.46875 0.453125 0
1917 0.484375 0.453125 0
1918 0.5 0.453125 0
1919 0.515625 0.453125 0
1920 0.53125 0.453125 0
1921 0.546875 0.453125 0
1922 0.5625 0.453125 0
1923 0.578125 0.453125 0
1924 0.59375 0.453125 0
1925 0.609375 0.453125 0
1926 0.625 0.453125 0
1927 0.640625 0.453125 0
1928 0.65625 0.453125 0
1929 0.671875 0.453125 0
1930 0.6875 0.453125 0
1931 0.703125 0.453125 0
1932 0.71875 0.453125 0
1933 0.734375 0.453125 0
1934 0.75 0.453125 0
1935 0.765625 0.453125 0
1936 0.78125 0.453125 0
1937 0.796875 0.453125 0
1938 0.8125 0.453125 0
1939 0.828125 0.453125 0
1940 0.84375 0.453125 0
1941 0.859375 0.453125 0
1942 0.875 0.453125 0
1943 0.890625 0.453125 0
1944 0.90625 0.453125 0
1945 0.921875 0.453125 0
1946 0.9375 0.453125 0
1947 0.953125 0.453125 0
1948 0.96875 0.453125 0
1949 0.984375 0.453125 0
1950 1 0.453125 0
1951 0 0.46875 0
1952 0.015625 0.46875 0
1953 0.03125 0.46875 0
1954 0.046875 0.46875 0
1955 0.0625 0.46875 0
1956 0.078125 0.46875 0
1957 0.09375 0.46875 0
1958 0.109375 0.46875 0
1959 0.125 0.46875 0
1960 0.140625 0.46875 0
1961 0.15625 0.46875 0
1962 0.171875 0.46875 0
1963 0.1875 0.46875 0
1964 0.203125 0.46875 0
1965 0.21875 0.46875 0
1966 0.234375 0.46875 0
1967 0.25 0.46875 0
1968 0.265625 0.46875 0
1969 0.28125 0.46875 0
1970 0.296875 0.46875 0
1971 0.3125 0.46875 0
1972 0.328125 0.46875 0
1973 0.34375 0.46875 0
1974 0.359375 0.46875 0
1975 0.375 0.46875 0
1976 0.390625 0.46875 0
1977 0.40625 0.46875 0
1978 0.421875 0.46875 0
1979 0.4375 0.46875 0
1980 0.453125 0.46875 0
1981 0.46875 0.46875 0
1982 0.484375 0.46875 0
1983 0.5 0.46875 0
1984 0.515625 0.46875 0
1985 0.53125 0.46875 0
1986 0.546875 0.46875 0
1987 0.5625 0.46875 0
1988 0.578125 0.46875 0
1989 0.59375 0.46875 0
1990 0.609375 0.46875 0
1991 0.625 0.46875 0
1992 0.640625 0.46875 0
1993 0.65625 0.46875 0
1994 0.671875 0.46875 0
1995 0.6875 0.46875 0
1996 0.703125 0.46875 0
1997 0.71875 0.46875 0
1998 0.734375 0.46875 0
1999 0.75 0.46875 0
2000 0.765625 0.46875 0
2001 0.78125 0.46875 0
2002 0.796875 0.46875 0
2003 0.8125 0.46875 0
2004 0.828125 0.46875 0
2005 0.84375 0.46875 0
2006 0.859375 0.46875 0
2007 0.875 0.46875 0
2008 0.890625 0.46875 0
2009 0.90625 0.46875 0
2010 0.921875 0.46875 0
2011 0.9375 0.46875 0
2012 0.953125 0.46875 0
2013 0.96875 0.46875 0
2014 0.984375 0.46875 0
2015 1 0.46875 0
2016 0 0.484375 0
2017 0.015625 0.484375 0
2018 0.03125 0.484375 0
2019 0.046875 0.484375 0
2020 0.0625 0.484375 0
2021 0.078125 0.484375 0
2022 0.09375 0.484375 0
2023 0.109375 0.484375 0
2024 0.125 0.484375 0
2025 0.140625 0.484375 0
2026 0.15625 0.484375 0
2027 0.171875 0.484375 0
2028 0.1875 0.484375 0
2029 0.203125 0.484375 0
2030 0.21875 0.484375 0
2031 0.234375 0.484375 0
2032 0.25 0.484375 0
2033 0.265625 0.484375 0
2034 0.28125 0.484375 0
2035 0.296875 0.484375 0
2036 0.3125 0.484375 0
2037 0.328125 0.484375 0
2038 0.34375 0.484375 0
2039 0.359375 0.484375 0
2040 0.375 0.484375 0
2041 0.390625 0.484375 0
2042 0.40625 0.484375 0
2043 0.421875 0.484375 0
2044 0.4375 0.484375 0
2045 0.453125 0.484375 0
2046 0.46875 0.484375 0
2047 0.484375 0.484375 0
2048 0.5 0.484375 0
2049 0.515625 0.484375 0
2050 0.53125 0.484375 0
2051 0.546875 0.484375 0
2052 0.5625 0.484375 0
2053 0.578125 0.484375 0
2054 0.59375 0.484375 0
2055 0.609375 0.484375 0
2056 0.625 0.484375 0
2057 0.640625 0.484375 0
2058 0.65625 0.484375 0
2059 0.671875 0.484375 0
2060 0.6875 0.484375 0
2061 0.703125 0.484375 0
2062 0.71875 0.484375 0
2063 0.734375 0.484375 0
2064 0.75 0.484375 0
2065 0.765625 0.484375 0
2066 0.78125 0.484375 0
2067 0.796875 0.484375 0
2068 0.8125 0.484375 0
2069 0.828125 0.484375 0
2070 0.84375 0.484375 0
2071 0.859375 0.484375 0
2072 0.875 0.484375 0
2073 0.890625 0.484375 0
2074 0.90625 0.484375 0
2075 0.921875 0.484375 0
2076 0.9375 0.484375 0
2077 0.953125 0.484375 0
2078 0.96875 0.484375 0
2079 0.984375 0.484375 0
2080 1 0.484375 0
2081 0 0.5 0
2082 0.015625 0.5 0
2083 0.03125 0.5 0
2084 0.046875 0.5 0
2085 0.0625 0.5 0
2086 0.078125 0.5 0
2087 0.09375 0.5 0
2088 0.109375 0.5 0
2089 0.125 0.5 0
2090 0.140625 0.5 0
2091 0.15625 0.5 0
2092 0.171875 0.5 0
2093 0.1875 0.5 0
2094 0.203125 0.5 0
2095 0.21875 0.5 0
2096 0.234375 0.5 0
2097 0.25 0.5 0
2098 0.265625 0.5 0
2099 0.28125 0.5 0
2100 0.296875 0.5 0
2101 0.3125 0.5 0
2102 0.328125 0.5 0
2103 0.34375 0.5 0
2104 0.359375 0.5 0
2105 0.375 0.5 0
2106 0.390625 0.5 0
2107 0.40625 0.5 0
2108 0.421875 0.5 0
2109 0.4375 0.5 0
2110 0.453125 0.5 0
2111 0.46875 0.5 0
2112 0.484375 0.5 0
2113 0.5 0.5 0
2114 0.515625 0.5 0
2115 0.53125 0.5 0
2116 0.546875 0.5 0
2117 0.5625 0.5 0
2118 0.578125 0.5 0
2119 0.59375 0.5 0
2120 0.609375 0.5 0
2121 0.625 0.5 0
2122 0.640625 0.5 0
2123 0.65625 0.5 0
2124 0.671875 0.5 0
2125 0.6875 0.5 0
2126 0.703125 0.5 0
2127 0.71875 0.5 0
2128 0.734375 0.5 0
2129 0.75 0.5 0
2130 0.765625 0.5 0
2131 0.78125 0.5 0
2132 0.796875 0.5 0
2133 0.8125 0.5 0
2134 0.828125 0.5 0
2135 0.84375 0.5 0
2136 0.859375 0.5 0
2137 0.875 0.5 0
2138 0.890625 0.5 0
2139 0.90625 0.5 0
2140 0.921875 0.5 0
2141 0.9375 0.5 0
2142 0.953125 0.5 0
2143 0.96875 0.5 0
2144 0.984375 0.5 0
2145 1 0.5 0
2146 0 0.515625 0
2147 0.015625 0.515625 0
2148 0.03125 0.515625 0
2149 0.046875 0.515625 0
2150 0.0625 0.515625 0
2151 0.078125 0.515625 0
2152 0.09375 0.515625 0
2153 0.109375 0.515625 0
2154 0.125 0.515625 0
2155 0.140625 0.515625 0
2156 0.15625 0.515625 0
2157 0.171875 0.515625 0
2158 0.1875 0.515625 0
2159 0.203125 0.515625 0
2160 0.21875 0.515625 0
2161 0.234375 0.515625 0
2162 0.25 0.515625 0
2163 0.265625 0.515625 0
2164 0.28125 0.515625 0
2165 0.296875 0.515625 0
2166 0.3125 0.515625 0
2167 0.328125 0.515625 0
2168 0.34375 0.515625 0
2169 0.359375 0.515625 0
2170 0.375 0.515625 0
2171 0.390625 0.515625 0
2172 0.40625 0.515625 0
2173 0.421875 0.515625 0
2174 0.4375 0.515625 0
2175 0.453125 0.515625 0
2176 0.46875 0.515625 0
2177 0.484375 0.515625 0
2178 0.5 0.515625 0
2179 0.515625 0.515625 0
2180 0.53125 0.515625 0
2181 0.546875 0.515625 0
2182 0.5625 0.515625 0
2183 0.578125 0.515625 0
2184 0.59375 0.515625 0
2185 0.609375 0.515625 0
2186 0.625 0.515625 0
2187 0.640625 0.515625 0
2188 0.65625 0.515625 0
2189 0.671875 0.515625 0
2190 0.6875 0.515625 0
2191 0.703125 0.515625 0
2192 0.71875 0.515625 0
2193 0.734375 0.515625 0
2194 0.75 0.515625 0
2195 0.765625 0.515625 0
2196 0.78125 0.515625 0
2197 0.796875 0.515625 0
2198 0.8125 0.515625 0
2199 0.828125 0.515625 0
2200 0.84375 0.515625 0
2201 0.859375 0.515625 0
2202 0.875 0.515625 0
2203 0.890625 0.515625 0
2204 0.90625 0.515625 0
2205 0.921875 0.515625 0
2206 0.9375 0.515625 0
2207 0.953125 0.515625 0
2208 0.96875 0.515625 0
2209 0.984375 0.515625 0
2210 1 0.515625 0
2211 0 0.53125 0
2212 0.015625 0.53125 0
2213 0.03125 0.53125 0
2214 0.046875 0.53125 0
2215 0.0625 0.53125 0
2216 0.078125 0.53125 0
2217 0.09375 0.53125 0
2218 0.109375 0.53125 0
2219 0.125 0.53125 0
2220 0.140625 0.53125 0
2221 0.15625 0.53125 0
2222 0.171875 0.53125 0
2223 0.1875 0.53125 0
2224 0.203125 0.53125 0
2225 0.21875 0.53125 0
2226 0.234375 0.53125 0
2227 0.25 0.53125 0
2228 0.265625 0.53125 0
2229 0.28125 0.53125 0
2230 0.296875 0.53125 0
2231 0.3125 0.53125 0
2232 0.328125 0.53125 0
2233 0.34375 0.53125 0
2234 0.359375 0.53125 0
2235 0.375 0.53125 0
2236 0.390625 0.53125 0
2237 0.40625 0.53125 0
2238 0.421875 0.53125 0
2239 0.4375 0.53125 0
2240 0.453125 0.53125 0
2241 0.46875 0.53125 0
2242 0.484375 0.53125 0
2243 0.5 0.53125 0
2244 0.515625 0.53125 0
2245 0.53125 0.53125 0
2246 0.546875 0.53125 0
2247 0.5625 0.53125 0
2248 0.578125 0.53125 0
2249 0.59375 0.53125 0
2250 0.609375 0.53125 0
2251 0.625 0.53125 0
2252 0.640625 0.53125 0
2253 0.65625 0.53125 0
2254 0.671875 0.53125 0
2255 0.6875 0.53125 0
2256 0.703125 0.53125 0
2257 0.71875 0.53125 0
2258 0.734375 0.53125 0
2259 0.75 0.53125 0
2260 0.765625 0.53125 0
2261 0.78125 0.53125 0
2262 0.796875 0.53125 0
2263 0.8125 0.53125 0
2264 0.828125 0.53125 0
2265 0.84375 0.53125 0
2266 0.859375 0.53125 0
2267 0.875 0.53125 0
2268 0.890625 0.53125 0
2269 0.90625 0.53125 0
2270 0.921875 0.53125 0
2271 0.9375 0.53125 0
2272 0.953125 0.53125 0
2273 0.96875 0.53125 0
2274 0.984375 0.53125 0
2275 1 0.53125 0
2276 0 0.546875 0
2277 0.015625 0.546875 0
2278 0.03125 0.546875 0
2279 0.046875 0.546875 0
2280 0.0625 0.546875 0
2281 0.078125 0.546875 0
2282 0.09375 0.546875 0
2283 0.109375 0.546875 0
2284 0.125 0.546875 0
2285 0.140625 0.546875 0
2286 0.15625 0.546875 0
2287 0.171875 0.546875 0
2288 0.1875 0.546875 0
2289 0.203125 0.546875 0
2290 0.21875 0.546875 0
2291 0.234375 0.546875 0
2292 0.25 0.546875 0
2293 0.265625 0.546875 0
2294 0.28125 0.546875 0
2295 0.296875 0.546875 0
2296 0.3125 0.546875 0
2297 0.328125 0.546875 0
2298 0.34375 0.546875 0
2299 0.359375 0.546875 0
2300 0.375 0.546875 0
2301 0.390625 0.546875 0
2302 0.40625 0.546875 0
2303 0.421875 0.546875 0
2304 0.4375 0.546875 0
2305 0.453125 0.546875 0
2306 0.46875 0.546875 0
2307 0.484375 0.546875 0
2308 0.5 0.546875 0
2309 0.515625 0.546875 0
2310 0.53125 0.546875 0
2311 0.546875 0.546875 0
2312 0.5625 0.546875 0
2313 0.578125 0.546875 0
2314 0.59375 0.546875 0
2315 0.609375 0.546875 0
2316 0.625 0.546875 0
2317 0.640625 0.546875 0
2318 0.65625 0.546875 0
2319 0.671875 0.546875 0
2320 0.6875 0.546875 0
2321 0.703125 0.546875 0
2322 0.71875 0.546875 0
2323 0.734375 0.546875 0
2324 0.75 0.546875 0
2325 0.765625 0.546875 0
2326 0.78125 0.546875 0
2327 0.796875 0.546875 0
2328 0.8125 0.546875 0
2329 0.828125 0.546875 0
2330 0.84375 0.546875 0
2331 0.859375 0.546875 0
2332 0.875 0.546875 0
2333 0.890625 0.546875 0
2334 0.90625 0.546875 0
2335 0.921875 0.546875 0
2336 0.9375 0.546875 0
2337 0.953125 0.546875 0
2338 0.96875 0.546875 0
2339 0.984375 0.546875 0
2340 1 0.546875 0
2341 0 0.5625 0
2342 0.015625 0.5625 0
2343 0.03125 0.5625 0
2344 0.046875 0.5625 0
2345 0.0625 0.5625 0
2346 0.078125 0.5625 0
2347 0.09375 0.5625 0
2348 0.109375 0.5625 0
2349 0.125 0.5625 0
2350 0.140625 0.5625 0
2351 0.15625 0.5625 0
2352 0.171875 0.5625 0
2353 0.1875 0.5625 0
2354 0.203125 0.5625 0
2355 0.21875 0.5625 0
2356 0.234375 0.5625 0
2357 0.25 0.5625 0
2358 0.265625 0.5625 0
2359 0.28125 0.5625 0
2360 0.296875 0.5625 0
2361 0.3125 0.5625 0
2362 0.328125 0.5625 0
2363 0.34375 0.5625 0
2364 0.359375 0.5625 0
2365 0.375 0.5625 0
2366 0.390625 0.5625 0
2367 0.40625 0.5625 0
2368 0.421875 0.5625 0
2369 0.4375 0.5625 0
2370 0.453125 0.5625 0
2371 0.46875 0.5625 0
2372 0.484375 0.5625 0
2373 0.5 0.5625 0
2374 0.515625 0.5625 0
2375 0.53125 0.5625 0
2376 0.546875 0.5625 0
2377 0.5625 0.5625 0
2378 0.578125 0.5625 0
2379 0.59375 0.5625 0
2380 0.609375 0.5625 0
2381 0.625 0.5625 0
2382 0.640625 0.5625 0
2383 0.65625 0.5625 0
2384 0.671875 0.5625 0
2385 0.6875 0.5625 0
2386 0.703125 0.5625 0
2387 0.71875 0.5625 0
2388 0.734375 0.5625 0
2389 0.75 0.5625 0
2390 0.765625 0.5625 0
2391 0.78125 0.5625 0
2392 0.796875 0.5625 0
2393 0.8125 0.5625 0
2394 0.828125 0.5625 0
2395 0.84375 0.5625 0
2396 0.859375 0.5625 0
2397 0.875 0.5625 0
2398 0.890625 0.5625 0
2399 0.90625 0.5625 0
2400 0.921875 0.5625 0
2401 0.9375 0.5625 0
2402 0.953125 0.5625 0
2403 0.96875 0.5625 0
2404 0.984375 0.5625 0
2405 1 0.5625 0
2406 0 0.578125 0
2407 0.015625 0.578125 0
2408 0.03125 0.578125 0
2409 0.046875 0.578125 0
2410 0.0625 0.578125 0
2411 0.078125 0.578125 0
2412 0.09375 0.578125 0
2413 0.109375 0.578125 0
2414 0.125 0.578125 0
2415 0.140625 0.578125 0
2416 0.15625 0.578125 0
2417 0.171875 0.578125 0
2418 0.1875 0.578125 0
2419 0.203125 0.578125 0
2420 0.21875 0.578125 0
2421 0.234375 0.578125 0
2422 0.25 0.578125 0
2423 0.265625 0.578125 0
2424 0.28125 0.578125 0
2425 0.296875 0.578125 0
2426 0.3125 0.578125 0
2427 0.328125 0.578125 0
2428 0.34375 0.578125 0
2429 0.359375 0.578125 0
2430 0.375 0.578125 0
2431 0.390625 0.578125 0
2432 0.40625 0.578125 0
2433 0.421875 0.578125 0
2434 0.4375 0.578125 0
2435 0.453125 0.578125 0
2436 0.46875 0.578125 0
2437 0.484375 0.578125 0
2438 0.5 0.578125 0
2439 0.515625 0.578125 0
2440 0.53125 0.578125 0
2441 0.546875 0.578125 0
2442 0.5625 0.578125 0
2443 0.578125 0.578125 0
2444 0.59375 0.578125 0
2445 0.609375 0.578125 0
2446 0.625 0.578125 0
2447 0.640625 0.578125 0
2448 0.65625 0.578125 0
2449 0.671875 0.578125 0
2450 0.6875 0.578125 0
2451 0.703125 0.578125 0
2452 0.71875 0.578125 0
2453 0.734375 0.578125 0
2454 0.75 0.578125 0
2455 0.765625 0.578125 0
2456 0.78125 0.578125 0
2457 0.796875 0.578125 0
2458 0.8125 0.578125 0
2459 0.828125 0.578125 0
2460 0.84375 0.578125 0
2461 0.859375 0.578125 0
2462 0.875 0.578125 0
2463 0.890625 0.578125 0
2464 0.90625 0.578125 0
2465 0.921875 0.578125 0
2466 0.9375 0.578125 0
2467 0.953125 0.578125 0
2468 0.96875 0.578125 0
2469 0.984375 0.578125 0
2470 1 0.578125 0
2471 0 0.59375 0
2472 0.015625 0.59375 0
2473 0.03125 0.59375 0
2474 0.046875 0.59375 0
2475 0.0625 0.59375 0
2476 0.078125 0.59375 0
2477 0.09375 0.59375 0
2478 0.109375 0.59375 0
2479 0.125 0.59375 0
2480 0.140625 0.59375 0
2481 0.15625 0.59375 0
2482 0.171875 0.59375 0
2483 0.1875 0.59375 0
2484 0.203125 0.59375 0
2485 0.21875 0.59375 0
2486 0.234375 0.59375 0
2487 0.25 0.59375 0
2488 0.265625 0.59375 0
2489 0.28125 0.59375 0
2490 0.296875 0.59375 0
2491 0.3125 0.59375 0
2492 0.328125 0.59375 0
2493 0.34375 0.59375 0
2494 0.359375 0.59375 0
2495 0.375 0.59375 0
2496 0.390625 0.59375 0
2497 0.40625 0.59375 0
2498 0.421875 0.59375 0
2499 0.4375 0.59375 0
2500 0.453125 0.59375 0
2501 0.46875 0.59375 0
2502 0.484375 0.59375 0
2503 0.5 0.59375 0
2504 0.515625 0.59375 0
2505 0.53125 0.59375 0
2506 0.546875 0.59375 0
2507 0.5625 0.59375 0
2508 0.578125 0.59375 0
2509 0.59375 0.59375 0
2510 0.609375 0.59375 0
2511 0.625 0.59375 0
2512 0.640625 0.59375 0
2513 0.65625 0.59375 0
2514 0.671875 0.59375 0
2515 0.6875 0.59375 0
2516 0.703125 0.59375 0
2517 0.71875 0.59375 0
2518 0.734375 0.59375 0
2519 0.75 0.59375 0
2520 0.765625 0.59375 0
2521 0.78125 0.59375 0
2522 0.796875 0.59375 0
2523 0.8125 0.59375 0
2524 0.828125 0.59375 0
2525 0.84375 0.59375 0
2526 0.859375 0.59375 0
2527 0.875 0.59375 0
2528 0.890625 0.59375 0
2529 0.90625 0.59375 0
2530 0.921875 0.59375 0
2531 0.9375 0.59375 0
2532 0.953125 0.59375 0
2533 0.96875 0.59375 0
2534 0.984375 0.59375 0
2535 1 0.59375 0
2536 0 0.609375 0
2537 0.015625 0.609375 0
2538 0.03125 0.609375 0
2539 0.046875 0.609375 0
2540 0.0625 0.609375 0
2541 0.078125 0.609375 0
2542 0.09375 0.609375 0
2543 0.109375 0.609375 0
2544 0.125 0.609375 0
2545 0.140625 0.609375 0
2546 0.15625 0.609375 0
2547 0.171875 0.609375 0
2548 0.1875 0.609375 0
2549 0.203125 0.609375 0
2550 0.21875 0.609375 0
2551 0.234375 0.609375 0
2552 0.25 0.609375 0
2553 0.265625 0.609375 0
2554 0.28125 0.609375 0
2555 0.296875 0.609375 0
2556 0.3125 0.609375 0
2557 0.328125 0.609375 0
2558 0.34375 0.609375 0
2559 0.359375 0.609375 0
2560 0.375 0.609375 0
2561 0.390625 0.609375 0
2562 0.40625 0.609375 0
2563 0.421875 0.609375 0
2564 0.4375 0.609375 0
2565 0.453125 0.609375 0
2566 0.46875 0.609375 0
2567 0.484375 0.609375 0
2568 0.5 0.609375 0
2569 0.515625 0.609375 0
2570 0.53125 0.609375 0
2571 0.546875 0.609375 0
2572 0.5625 0.609375 0
2573 0.578125 0.609375 0
2574 0.59375 0.609375 0
2575 0.609375 0.609375 0
2576 0.625 0.609375 0
2577 0.640625 0.609375 0
2578 0.65625 0.609375 0
2579 0.671875 0.609375 0
2580 0.6875 0.609375 0
2581 0.703125 0.609375 0
2582 0.71875 0.609375 0
2583 0.734375 0.609375 0
2584 0.75 0.609375 0
2585 0.765625 0.609375 0
2586 0.78125 0.609375 0
2587 0.796875 0.609375 0
2588 0.8125 0.609375 0
2589 0.828125 0.609375 0
2590 0.84375 0.609375 0
2591 0.859375 0.609375 0
2592 0.875 0.609375 0
2593 0.890625 0.609375 0
2594 0.90625 0.609375 0
2595 0.921875 0.609375 0
2596 0.9375 0.609375 0
2597 0.953125 0.609375 0
2598 0.96875 0.609375 0
2599 0.984375 0.609375 0
2600 1 0.609375 0
2601 0 0.625 0
2602 0.015625 0.625 0
2603 0.03125 0.625 0
2604 0.046875 0.625 0
2605 0.0625 0.625 0
2606 0.078125 0.625 0
2607 0.09375 0.625 0
2608 0.109375 0.625 0
2609 0.125 0.625 0
2610 0.140625 0.625 0
2611 0.15625 0.625 0
2612 0.171875 0.625 0
2613 0.1875 0.625 0
2614 0.203125 0.625 0
2615 0.21875 0.625 0
2616 0.234375 0.625 0
2617 0.25 0.625 0
2618 0.265625 0.625 0
2619 0.28125 0.625 0
2620 0.296875 0.625 0
2621 0.3125 0.625 0
2622 0.328125 0.625 0
2623 0.34375 0.625 0
2624 0.359375 0.625 0
2625 0.375 0.625 0
2626 0.390625 0.625 0
2627 0.40625 0.625 0
2628 0.421875 0.625 0
2629 0.4375 0.625 0
2630 0.453125 0.625 0
2631 0.46875 0.625 0
2632 0.484375 0.625 0
2633 0.5 0.625 0
2634 0.515625 0.625 0
2635 0.53125 0.625 0
2636 0.546875 0.625 0
2637 0.5625 0.625 0
2638 0.578125 0.625 0
2639 0.59375 0.625 0
2640 0.609375 0.625 0
2641 0.625 0.625 0
2642 0.640625 0.625 0
2643 0.65625 0.625 0
2644 0.671875 0.625 0
2645 0.6875 0.625 0
2646 0.703125 0.625 0
2647 0.71875 0.625 0
2648 0.734375 0.625 0
2649 0.75 0.625 0
2650 0.765625 0.625 0
2651 0.78125 0.625 0
2652 0.796875 0.625 0
2653 0.8125 0.625 0
2654 0.828125 0.625 0
2655 0.84375 0.625 0
2656 0.859375 0.625 0
2657 0.875 0.625 0
2658 0.890625 0.625 0
2659 0.90625 0.625 0
2660 0.921875 0.625 0
2661 0.9375 0.625 0
2662 0.953125 0.625 0
2663 0.96875 0.625 0
2664 0.984375 0.625 0
2665 1 0.625 0
2666 0 0.640625 0
2667 0.015625 0.640625 0
2668 0.03125 0.640625 0
2669 0.046875 0.640625 0
2670 0.0625 0.640625 0
2671 0.078125 0.640625 0
2672 0.09375 0.640625 0
2673 0.109375 0.640625 0
2674 0.125 0.640625 0
2675 0.140625 0.640625 0
2676 0.15625 0.640625 0
2677 0.171875 0.640625 0
2678 0.1875 0.640625 0
2679 0.203125 0.640625 0
2680 0.21875 0.640625 0
2681 0.234375 0.640625 0
2682 0.25 0.640625 0
2683 0.265625 0.640625 0
2684 0.28125 0.640625 0
2685 0.296875 0.640625 0
2686 0.3125 0.640625 0
2687 0.328125 0.640625 0
2688 0.34375 0.640625 0
2689 0.359375 0.640625 0
2690 0.375 0.640625 0
2691 0.390625 0.640625 0
2692 0.40625 0.640625 0
2693 0.421875 0.640625 0
2694 0.4375 0.640625 0
2695 0.453125 0.640625 0
2696 0.46875 0.640625 0
2697 0.484375 0.640625 0
2698 0.5 0.640625 0
2699 0.515625 0.640625 0
2700 0.53125 0.640625 0
2701 0.546875 0.640625 0
2702 0.5625 0.640625 0
2703 0.578125 0.640625 0
2704 0.59375 0.640625 0
2705 0.609375 0.640625 0
2706 0.625 0.640625 0
2707 0.640625 0.640625 0
2708 0.65625 0.640625 0
2709 0.671875 0.640625 0
2710 0.6875 0.640625 0
2711 0.703125 0.640625 0
2712 0.71875 0.640625 0
2713 0.734375 0.640625 0
2714 0.75 0.640625 0
2715 0.765625 0.640625 0
2716 0.78125 0.640625 0
2717 0.796875 0.640625 0
2718 0.8125 0.640625 0
2719 0.828125 0.640625 0
2720 0.84375 0.640625 0
2721 0.859375 0.640625 0
2722 0.875 0.640625 0
2723 0.890625 0.640625 0
2724 0.90625 0.640625 0
2725 0.921875 0.640625 0
2726 0.9375 0.640625 0
2727 0.953125 0.640625 0
2728 0.96875 0.640625 0
2729 0.984375 0.640625 0
2730 1 0.640625 0
2731 0 0.65625 0
2732 0.015625 0.65625 0
2733 0.03125 0.65625 0
2734 0.046875 0.65625 0
2735 0.0625 0.65625 0
2736 0.078125 0.65625 0
2737 0.09375 0.65625 0
2738 0.109375 0.65625 0
2739 0.125 0.65625 0
2740 0.140625 0.65625 0
2741 0.15625 0.65625 0
2742 0.171875 0.65625 0
2743 0.1875 0.65625 0
2744 0.203125 0.65625 0
2745 0.21875 0.65625 0
2746 0.234375 0.65625 0
2747 0.25 0.65625 0
2748 0.265625 0.65625 0
2749 0.28125 0.65625 0
2750 0.296875 0.65625 0
2751 0.3125 0.65625 0
2752 0.328125 0.65625 0
2753 0.34375 0.65625 0
2754 0.359375 0.65625 0
2755 0.375 0.65625 0
2756 0.390625 0.65625 0
2757 0.40625 0.65625 0
2758 0.421875 0.65625 0
2759 0.4375 0.65625 0
2760 0.453125 0.65625 0
2761 0.46875 0.65625 0
2762 0.484375 0.65625 0
2763 0.5 0.65625 0
2764 0.515625 0.65625 0
2765 0.53125 0.65625 0
2766 0.546875 0.65625 0
2767 0.5625 0.65625 0
2768 0.578125 0.65625 0
2769 0.59375 0.65625 0
2770 0.609375 0.65625 0
2771 0.625 0.65625 0
2772 0.640625 0.65625 0
2773 0.65625 0.65625 0
2774 0.671875 0.65625 0
2775 0.6875 0.65625 0
2776 0.703125 0.65625 0
2777 0.71875 0.65625 0
2778 0.734375 0.65625 0
2779 0.75 0.65625 0
2780 0.765625 0.65625 0
2781 0.78125 0.65625 0
2782 0.796875 0.65625 0
2783 0.8125 0.65625 0
2784 0.828125 0.65625 0
2785 0.84375 0.65625 0
2786 0.859375 0.65625 0
2787 0.875 0.65625 0
2788 0.890625 0.65625 0
2789 0.90625 0.65625 0
2790 0.921875 0.65625 0
2791 0.9375 0.65625 0
2792 0.953125 0.65625 0
2793 0.96875 0.65625 0
2794 0.984375 0.65625 0
2795 1 0.65625 0
2796 0 0.671875 0
2797 0.015625 0.671875 0
2798 0.03125 0.671875 0
2799 0.046875 0.671875 0
2800 0.0625 0.671875 0
2801 0.078125 0.671875 0
2802 0.09375 0.671875 0
2803 0.109375 0.671875 0
2804 0.125 0.671875 0
2805 0.140625 0.671875 0
2806 0.15625 0.671875 0
2807 0.171875 0.671875 0
2808 0.1875 0.671875 0
2809 0.203125 0.671875 0
2810 0.21875 0.671875 0
2811 0.234375 0.671875 0
2812 0.25 0.671875 0
2813 0.265625 0.671875 0
2814 0.28125 0.671875 0
2815 0.296875 0.671875 0
2816 0.3125 0.671875 0
2817 0.328125 0.671875 0
2818 0.34375 0.671875 0
2819 0.359375 0.671875 0
2820 0.375 0.671875 0
2821 0.390625 0.671875 0
2822 0.40625 0.671875 0
2823 0.421875 0.671875 0
2824 0.4375 0.671875 0
2825 0.453125 0.671875 0
2826 0.46875 0.671875 0
2827 0.484375 0.671875 0
2828 0.5 0.671875 0
2829 0.515625 0.671875 0
2830 0.53125 0.671875 0
2831 0.546875 0.671875 0
2832 0.5625 0.671875 0
2833 0.578125 0.671875 0
2834 0.59375 0.671875 0
2835 0.609375 0.671875 0
2836 0.625 0.671875 0
2837 0.640625 0.671875 0
2838 0.65625 0.671875 0
2839 0.671875 0.671875 0
2840 0.6875 0.671875 0
2841 0.703125 0.671875 0
2842 0.71875 0.671875 0
2843 0.734375 0.671875 0
2844 0.75 0.671875 0
2845 0.765625 0.671875 0
2846 0.78125 0.671875 0
2847 0.796875 0.671875 0
2848 0.8125 0.671875 0
2849 0.828125 0.671875 0
2850 0.84375 0.671875 0
2851 0.859375 0.671875 0
2852 0.875 0.671875 0
2853 0.890625 0.671875 0
2854 0.90625 0.671875 0
2855 0.921875 0.671875 0
2856 0.9375 0.671875 0
2857 0.953125 0.671875 0
2858 0.96875 0.671875 0
2859 0.984375 0.671875 0
2860 1 0.671875 0
2861 0 0.6875 0
2862 0.015625 0.6875 0
2863 0.03125 0.6875 0
2864 0.046875 0.6875 0
2865 0.0625 0.6875 0
2866 0.078125 0.6875 0
2867 0.09375 0.6875 0
2868 0.109375 0.6875 0
2869 0.125 0.6875 0
2870 0.140625 0.6875 0
2871 0.15625 0.6875 0
2872 0.171875 0.6875 0
2873 0.1875 0.6875 0
2874 0.203125 0.6875 0
2875 0.21875 0.6875 0
2876 0.234375 0.6875 0
2877 0.25 0.6875 0
2878 0.265625 0.6875 0
2879 0.28125 0.6875 0
2880 0.296875 0.6875 0
2881 0.3125 0.6875 0
2882 0.328125 0.6875 0
2883 0.34375 0.6875 0
2884 0.359375 0.6875 0
2885 0.375 0.6875 0
2886 0.390625 0.6875 0
2887 0.40625 0.6875 0
2888 0.421875 0.6875 0
2889 0.4375 0.6875 0
2890 0.453125 0.6875 0
2891 0.46875 0.6875 0
2892 0.484375 0.6875 0
2893 0.5 0.6875 0
2894 0.515625 0.6875 0
2895 0.53125 0.6875 0
2896 0.546875 0.6875 0
2897 0.5625 0.6875 0
2898 0.578125 0.6875 0
2899 0.59375 0.6875 0
2900 0.609375 0.6875 0
2901 0.625 0.6875 0
2902 0.640625 0.6875 0
2903 0.65625 0.6875 0
2904 0.671875 0.6875 0
2905 0.6875 0.6875 0
2906 0.703125 0.6875 0
2907 0.71875 0.6875 0
2908 0.734375 0.6875 0
2909 0.75 0.6875 0
2910 0.765625 0.6875 0
2911 0.78125 0.6875 0
2912 0.796875 0.6875 0
2913 0.8125 0.6875 0
2914 0.828125 0.6875 0
2915 0.84375 0.6875 0
2916 0.859375 0.6875 0
2917 0.875 0.6875 0
2918 0.890625 0.6875 0
2919 0.90625 0.6875 0
2920 0.921875 0.6875 0
2921 0.9375 0.6875 0
2922 0.953125 0.6875 0
2923 0.96875 0.6875 0
2924 0.984375 0.6875 0
2925 1 0.6875 0
2926 0 0.703125 0
2927 0.015625 0.703125 0
2928 0.03125 0.703125 0
2929 0.046875 0.703125 0
2930 0.0625 0.703125 0
2931 0.078125 0.703125 0
2932 0.09375 0.703125 0
2933 0.109375 0.703125 0
2934 0.125 0.703125 0
2935 0.140625 0.703125 0
2936 0.15625 0.703125 0
2937 0.171875 0.703125 0
2938 0.1875 0.703125 0
2939 0.203125 0.703125 0
2940 0.21875 0.703125 0
2941 0.234375 0.703125 0
2942 0.25 0.703125 0
2943 0.265625 0.703125 0
2944 0.28125 0.703125 0
2945 0.296875 0.703125 0
2946 0.3125 0.703125 0
2947 0.328125 0.703125 0
2948 0.34375 0.703125 0
2949 0.359375 0.703125 0
2950 0.375 0.703125 0
2951 0.390625 0.703125 0
2952 0.40625 0.703125 0
2953 0.421875 0.703125 0
2954 0.4375 0.703125 0
2955 0.453125 0.703125 0
2956 0.46875 0.703125 0
2957 0.484375 0.703125 0
2958 0.5 0.703125 0
2959 0.515625 0.703125 0
2960 0.53125 0.703125 0
2961 0.546875 0.703125 0
2962 0.5625 0.703125 0
2963 0.578125 0.703125 0
2964 0.59375 0.703125 0
2965 0.609375 0.703125 0
2966 0.625 0.703125 0
2967 0.640625 0.703125 0
2968 0.65625 0.703125 0
2969 0.671875 0.703125 0
2970 0.6875 0.703125 0
2971 0.703125 0.703125 0
2972 0.71875 0.703125 0
2973 0.734375 0.703125 0
2974 0.75 0.703125 0
2975 0.765625 0.703125 0
2976 0.78125 0.703125 0
2977 0.796875 0.703125 0
2978 0.8125 0.703125 0
2979 0.828125 0.703125 0
2980 0.84375 0.703125 0
2981 0.859375 0.703125 0
2982 0.875 0.703125 0
2983 0.890625 0.703125 0
2984 0.90625 0.703125 0
2985 0.921875 0.703125 0
2986 0.9375 0.703125 0
2987 0.953125 0.703125 0
2988 0.96875 0.703125 0
2989 0.984375 0.703125 0
2990 1 0.703125 0
2991 0 0.71875 0
2992 0.015625 0.71875 0
2993 0.03125 0.71875 0
2994 0.046875 0.71875 0
2995 0.0625 0.71875 0
2996 0.078125 0.71875 0
2997 0.09375 0.71875 0
2998 0.109375 0.71875 0
2999 0.125 0.71875 0
3000 0.140625 0.71875 0
3001 0.15625 0.71875 0
3002 0.171875 0.71875 0
3003 0.1875 0.71875 0
3004 0.203125 0.71875 0
3005 0.21875 0.71875 0
3006 0.234375 0.71875 0
3007 0.25 0.71875 0
3008 0.265625 0.71875 0
3009 0.28125 0.71875 0
3010 0.296875 0.71875 0
3011 0.3125 0.71875 0
3012 0.328125 0.71875 0
3013 0.34375 0.71875 0
3014 0.359375 0.71875 0
3015 0.375 0.71875 0
3016 0.390625 0.71875 0
3017 0.40625 0.71875 0
3018 0.421875 0.71875 0
3019 0.4375 0.71875 0
3020 0.453125 0.71875 0
3021 0.46875 0.71875 0
3022 0.484375 0.71875 0
3023 0.5 0.71875 0
3024 0.515625 0.71875 0
3025 0.53125 0.71875 0
3026 0.546875 0.71875 0
3027 0.5625 0.71875 0
3028 0.578125 0.71875 0
3029 0.59375 0.71875 0
3030 0.609375 0.71875 0
3031 0.625 0.71875 0
3032 0.640625 0.71875 0
3033 0.65625 0.71875 0
3034 0.671875 0.71875 0
3035 0.6875 0.71875 0
3036 0.703125 0.71875 0
3037 0.71875 0.71875 0
3038 0.734375 0.71875 0
3039 0.75 0.71875 0
3040 0.765625 0.71875 0
3041 0.78125 0.71875 0
3042 0.796875 0.71875 0
3043 0.8125 0.71875 0
3044 0.828125 0.71875 0
3045 0.84375 0.71875 0
3046 0.859375 0.71875 0
3047 0.875 0.71875 0
3048 0.890625 0.71875 0
3049 0.90625 0.71875 0
3050 0.921875 0.71875 0
3051 0.9375 0.71875 0
3052 0.953125 0.71875 0
3053 0.96875 0.71875 0
3054 0.984375 0.71875 0
3055 1 0.71875 0
3056 0 0.734375 0
3057 0.015625 0.734375 0
3058 0.03125 0.734375 0
3059 0.046875 0.734375 0
3060 0.0625 0.734375 0
3061 0.078125 0.734375 0
3062 0.09375 0.734375 0
3063 0.109375 0.734375 0
3064 0.125 0.734375 0
3065 0.140625 0.734375 0
3066 0.15625 0.734375 0
3067 0.171875 0.734375 0
3068 0.1875 0.734375 0
3069 0.203125 0.734375 0
3070 0.21875 0.734375 0
3071 0.234375 0.734375 0
3072 0.25 0.734375 0
3073 0.265625 0.734375 0
3074 0.28125 0.734375 0
3075 0.296875 0.734375 0
3076 0.3125 0.734375 0
3077 0.328125 0.734375 0
3078 0.34375 0.734375 0
3079 0.359375 0.734375 0
3080 0.375 0.734375 0
3081 0.390625 0.734375 0
3082 0.40625 0.734375 0
3083 0.421875 0.734375 0
3084 0.4375 0.734375 0
3085 0.453125 0.734375 0
3086 0.46875 0.734375 0
3087 0.484375 0.734375 0
3088 0.5 0.734375 0
3089 0.515625 0.734375 0
3090 0.53125 0.734375 0
3091 0.546875 0.734375 0
3092 0.5625 0.734375 0
3093 0.578125 0.734375 0
3094 0.59375 0.734375 0
3095 0.609375 0.734375 0
3096 0.625 0.734375 0
3097 0.640625 0.734375 0
3098 0.65625 0.734375 0
3099 0.671875 0.734375 0
3100 0.6875 0.734375 0
3101 0.703125 0.734375 0
3102 0.71875 0.734375 0
3103 0.734375 0.734375 0
3104 0.75 0.734375 0
3105 0.765625 0.734375 0
3106 0.78125 0.734375 0
3107 0.796875 0.734375 0
3108 0.8125 0.734375 0
3109 0.828125 0.734375 0
3110 0.84375 0.734375 0
3111 0.859375 0.734375 0
3112 0.875 0.734375 0
3113 0.890625 0.734375 0
3114 0.90625 0.734375 0
3115 0.921875 0.734375 0
3116 0.9375 0.734375 0
3117 0.953125 0.734375 0
3118 0.96875 0.734375 0
3119 0.984375 0.734375 0
3120 1 0.734375 0
3121 0 0.75 0
3122 0.015625 0.75 0
3123 0.03125 0.75 0
3124 0.046875 0.75 0
3125 0.0625 0.75 0
3126 0.078125 0.75 0
3127 0.09375 0.75 0
3128 0.109375 0.75 0
3129 0.125 0.75 0
3130 0.140625 0.75 0
3131 0.15625 0.75 0
3132 0.171875 0.75 0
3133 0.1875 0.75 0
3134 0.203125 0.75 0
3135 0.21875 0.75 0
3136 0.234375 0.75 0
3137 0.25 0.75 0
3138 0.265625 0.75 0
3139 0.28125 0.75 0
3140 0.296875 0.75 0
3141 0.3125 0.75 0
3142 0.328125 0.75 0
3143 0.34375 0.75 0
3144 0.359375 0.75 0
3145 0.375 0.75 0
3146 0.390625 0.75 0
3147 0.40625 0.75 0
3148 0.421875 0.75 0
3149 0.4375 0.75 0
3150 0.453125 0.75 0
3151 0.46875 0.75 0
3152 0.484375 0.75 0
3153 0.5 0.75 0
3154 0.515625 0.75 0
3155 0.53125 0.75 0
3156 0.546875 0.75 0
3157 0.5625 0.75 0
3158 0.578125 0.75 0
3159 0.59375 0.75 0
3160 0.609375 0.75 0
3161 0.625 0.75 0
3162 0.640625 0.75 0
3163 0.65625 0.75 0
3164 0.671875 0.75 0
3165 0.6875 0.75 0
3166 0.703125 0.75 0
3167 0.71875 0.75 0
3168 0.734375 0.75 0
3169 0.75 0.75 0
3170 0.765625 0.75 0
3171 0.78125 0.75 0
3172 0.796875 0.75 0
3173 0.8125 0.75 0
3174 0.828125 0.75 0
3175 0.84375 0.75 0
3176 0.859375 0.75 0
3177 0.875 0.75 0
3178 0.890625 0.75 0
3179 0.90625 0.75 0
3180 0.921875 0.75 0
3181 0.9375 0.75 0
3182 0.953125 0.75 0
3183 0.96875 0.75 0
3184 0.984375 0.75 0
3185 1 0.75 0
3186 0 0.765625 0
3187 0.015625 0.765625 0
3188 0.03125 0.765625 0
3189 0.046875 0.765625 0
3190 0.0625 0.765625 0
3191 0.078125 0.765625 0
3192 0.09375 0.765625 0
3193 0.109375 0.765625 0
3194 0.125 0.765625 0
3195 0.140625 0.765625 0
3196 0.15625 0.765625 0
3197 0.171875 0.765625 0
3198 0.1875 0.765625 0
3199 0.203125 0.765625 0
3200 0.21875 0.765625 0
3201 0.234375 0.765625 0
3202 0.25 0.765625 0
3203 0.265625 0.765625 0
3204 0.28125 0.765625 0
3205 0.296875 0.765625 0
3206 0.3125 0.765625 0
3207 0.328125 0.765625 0
3208 0.34375 0.765625 0
3209 0.359375 0.765625 0
3210 0.375 0.765625 0
3211 0.390625 0.765625 0
3212 0.40625 0.765625 0
3213 0.421875 0.765625 0
3214 0.4375 0.765625 0
3215 0.453125 0.765625 0
3216 0.46875 0.765625 0
3217 0.484375 0.765625 0
3218 0.5 0.765625 0
3219 0.515625 0.765625 0
3220 0.53125 0.765625 0
3221 0.546875 0.765625 0
3222 0.5625 0.765625 0
3223 0.578125 0.765625 0
3224 0.59375 0.765625 0
3225 0.609375 0.765625 0
3226 0.625 0.765625 0
3227 0.640625 0.765625 0
3228 0.65625 0.765625 0
3229 0.671875 0.765625 0
3230 0.6875 0.765625 0
3231 0.703125 0.765625 0
3232 0.71875 0.765625 0
3233 0.734375 0.765625 0
3234 0.75 0.765625 0
3235 0.765625 0.765625 0
3236 0.78125 0.765625 0
3237 0.796875 0.765625 0
3238 0.8125 0.765625 0
3239 0.828125 0.765625 0
3240 0.84375 0.765625 0
3241 0.859375 0.765625 0
3242 0.875 0.765625 0
3243 0.890625 0.765625 0
3244 0.90625 0.765625 0
3245 0.921875 0.765625 0
3246 0.9375 0.765625 0
3247 0.953125 0.765625 0
3248 0.96875 0.765625 0
3249 0.984375 0.765625 0
3250 1 0.765625 0
3251 0 0.78125 0
3252 0.015625 0.78125 0
3253 0.03125 0.78125 0
3254 0.046875 0.78125 0
3255 0.0625 0.78125 0
3256 0.078125 0.78125 0
3257 0.09375 0.78125 0
3258 0.109375 0.78125 0
3259 0.125 0.78125 0
3260 0.140625 0.78125 0
3261 0.15625 0.78125 0
3262 0.171875 0.78125 0
3263 0.1875 0.78125 0
3264 0.203125 0.78125 0
3265 0.21875 0.78125 0
3266 0.234375 0.78125 0
3267 0.25 0.78125 0
3268 0.265625 0.78125 0
3269 0.28125 0.78125 0
3270 0.296875 0.78125 0
3271 0.3125 0.78125 0
3272 0.328125 0.78125 0
3273 0.34375 0.78125 0
3274 0.359375 0.78125 0
3275 0.375 0.78125 0
3276 0.390625 0.78125 0
3277 0.40625 0.78125 0
3278 0.421875 0.78125 0
3279 0.4375 0.78125 0
3280 0.453125 0.78125 0
3281 0.46875 0.78125 0
3282 0.484375 0.78125 0
3283 0.5 0.78125 0
3284 0.515625 0.78125 0
3285 0.53125 0.78125 0
3286 0.546875 0.78125 0
3287 0.5625 0.78125 0
3288 0.578125 0.78125 0
3289 0.59375 0.78125 0
3290 0.609375 0.78125 0
3291 0.625 0.78125 0
3292 0.640625 0.78125 0
3293 0.65625 0.78125 0
3294 0.671875 0.78125 0
3295 0.6875 0.78125 0
3296 0.703125 0.78125 0
3297 0.71875 0.78125 0
3298 0.734375 0.78125 0
3299 0.75 0.78125 0
3300 0.765625 0.78125 0
3301 0.78125 0.78125 0
3302 0.796875 0.78125 0
3303 0.8125 0.78125 0
3304 0.828125 0.78125 0
3305 0.84375 0.78125 0
3306 0.859375 0.78125 0
3307 0.875 0.78125 0
3308 0.890625 0.78125 0
3309 0.90625 0.78125 0
3310 0.921875 0.78125 0
3311 0.9375 0.78125 0
3312 0.953125 0.78125 0
3313 0.96875 0.78125 0
3314 0.984375 0.78125 0
3315 1 0.78125 0
3316 0 0.796875 0
3317 0.015625 0.796875 0
3318 0.03125 0.796875 0
3319 0.046875 0.796875 0
3320 0.0625 0.796875 0
3321 0.078125 0.796875 0
3322 0.09375 0.796875 0
3323 0.109375 0.796875 0
3324 0.125 0.796875 0
3325 0.140625 0.796875 0
3326 0.15625 0.796875 0
3327 0.171875 0.796875 0
3328 0.1875 0.796875 0
3329 0.203125 0.796875 0
3330 0.21875 0.796875 0
3331 0.234375 0.796875 0
3332 0.25 0.796875 0
3333 0.265625 0.796875 0
3334 0.28125 0.796875 0
3335 0.296875 0.796875 0
3336 0.3125 0.796875 0
3337 0.328125 0.796875 0
3338 0.34375 0.796875 0
3339 0.359375 0.796875 0
3340 0.375 0.796875 0
3341 0.390625 0.796875 0
3342 0.40625 0.796875 0
3343 0.421875 0.796875 0
3344 0.4375 0.796875 0
3345 0.453125 0.796875 0
3346 0.46875 0.796875 0
3347 0.484375 0.796875 0
3348 0.5 0.796875 0
3349 0.515625 0.796875 0
3350 0.53125 0.796875 0
3351 0.546875 0.796875 0
3352 0.5625 0.796875 0
3353 0.578125 0.796875 0
3354 0.59375 0.796875 0
3355 0.609375 0.796875 0
3356 0.625 0.796875 0
3357 0.640625 0.796875 0
3358 0.65625 0.796875 0
3359 0.671875 0.796875 0
3360 0.6875 0.796875 0
3361 0.703125 0.796875 0
3362 0.71875 0.796875 0
3363 0.734375 0.796875 0
3364 0.75 0.796875 0
3365 0.765625 0.796875 0
3366 0.78125 0.796875 0
3367 0.796875 0.796875 0
3368 0.8125 0.796875 0
3369 0.828125 0.796875 0
3370 0.84375 0.796875 0
3371 0.859375 0.796875 0
3372 0.875 0.796875 0
3373 0.890625 0.796875 0
3374 0.90625 0.796875 0
3375 0.921875 0.796875 0
3376 0.9375 0.796875 0
3377 0.953125 0.796875 0
3378 0.96875 0.796875 0
3379 0.984375 0.796875 0
3380 1 0.796875 0
3381 0 0.8125 0
3382 0.015625 0.8125 0
3383 0.03125 0.8125 0
3384 0.046875 0.8125 0
3385 0.0625 0.8125 0
3386 0.078125 0.8125 0
3387 0.09375 0.8125 0
3388 0.109375 0.8125 0
3389 0.125 0.8125 0
3390 0.140625 0.8125 0
3391 0.15625 0.8125 0
3392 0.171875 0.8125 0
3393 0.1875 0.8125 0
3394 0.203125 0.8125 0
3395 0.21875 0.8125 0
3396 0.234375 0.8125 0
3397 0.25 0.8125 0
3398 0.265625 0.8125 0
3399 0.28125 0.8125 0
3400 0.296875 0.8125 0
3401 0.3125 0.8125 0
3402 0.328125 0.8125 0
3403 0.34375 0.8125 0
3404 0.359375 0.8125 0
3405 0.375 0.8125 0
3406 0.390625 0.8125 0
3407 0.40625 0.8125 0
3408 0.421875 0.8125 0
3409 0.4375 0.8125 0
3410 0.453125 0.8125 0
3411 0.46875 0.8125 0
3412 0.484375 0.8125 0
3413 0.5 0.8125 0
3414 0.515625 0.8125 0
3415 0.53125 0.8125 0
3416 0.546875 0.8125 0
3417 0.5625 0.8125 0
3418 0.578125 0.8125 0
3419 0.59375 0.8125 0
3420 0.609375 0.8125 0
3421 0.625 0.8125 0
3422 0.640625 0.8125 0
3423 0.65625 0.8125 0
3424 0.671875 0.8125 0
3425 0.6875 0.8125 0
3426 0.703125 0.8125 0
3427 0.71875 0.8125 0
3428 0.734375 0.8125 0
3429 0.75 0.8125 0
3430 0.765625 0.8125 0
3431 0.78125 0.8125 0
3432 0.796875 0.8125 0
3433 0.8125 0.8125 0
3434 0.828125 0.8125 0
3435 0.84375 0.8125 0
3436 0.859375 0.8125 0
3437 0.875 0.8125 0
3438 0.890625 0.8125 0
3439 0.90625 0.8125 0
3440 0.921875 0.8125 0
3441 0.9375 0.8125 0
3442 0.953125 0.8125 0
3443 0.96875 0.8125 0
3444 0.984375 0.8125 0
3445 1 0.8125 0
3446 0 0.828125 0
3447 0.015625 0.828125 0
3448 0.03125 0.828125 0
3449 0.046875 0.828125 0
3450 0.0625 0.828125 0
3451 0.078125 0.828125 0
3452 0.09375 0.828125 0
3453 0.109375 0.828125 0
3454 0.125 0.828125 0
3455 0.140625 0.828125 0
3456 0.15625 0.828125 0
3457 0.171875 0.828125 0
3458 0.1875 0.828125 0
3459 0.203125 0.828125 0
3460 0.21875 0.828125 0
3461 0.234375 0.828125 0
3462 0.25 0.828125 0
3463 0.265625 0.828125 0
3464 0.28125 0.828125 0
3465 0.296875 0.828125 0
3466 0.3125 0.828125 0
3467 0.328125 0.828125 0
3468 0.34375 0.828125 0
3469 0.359375 0.828125 0
3470 0.375 0.828125 0
3471 0.390625 0.828125 0
3472 0.40625 0.828125 0
3473 0.421875 0.828125 0
3474 0.4375 0.828125 0
3475 0.453125 0.828125 0
3476 0.46875 0.828125 0
3477 0.484375 0.828125 0
3478 0.5 0.828125 0
3479 0.515625 0.828125 0
3480 0.53125 0.828125 0
3481 0.546875 0.828125 0
3482 0.5625 0.828125 0
3483 0.578125 0.828125 0
3484 0.59375 0.828125 0
3485 0.609375 0.828125 0
3486 0.625 0.828125 0
3487 0.640625 0.828125 0
3488 0.65625 0.828125 0
3489 0.671875 0.828125 0
3490 0.6875 0.828125 0
3491 0.703125 0.828125 0
3492 0.71875 0.828125 0
3493 0.734375 0.828125 0
3494 0.75 0.828125 0
3495 0.765625 0.828125 0
3496 0.78125 0.828125 0
3497 0.796875 0.828125 0
3498 0.8125 0.828125 0
3499 0.828125 0.828125 0
3500 0.84375 0.828125 0
3501 0.859375 0.828125 0
3502 0.875 0.828125 0
3503 0.890625 0.828125 0
3504 0.90625 0.828125 0
3505 0.921875 0.828125 0
3506 0.9375 0.828125 0
3507 0.953125 0.828125 0
3508 0.96875 0.828125 0
3509 0.984375 0.828125 0
3510 1 0.828125 0
3511 0 0.84375 0
3512 0.015625 0.84375 0
3513 0.03125 0.84375 0
3514 0.046875 0.84375 0
3515 0.0625 0.84375 0
3516 0.078125 0.84375 0
3517 0.09375 0.84375 0
3518 0.109375 0.84375 0
3519 0.125 0.84375 0
3520 0.140625 0.84375 0
3521 0.15625 0.84375 0
3522 0.171875 0.84375 0
3523 0.1875 0.84375 0
3524 0.203125 0.84375 0
3525 0.21875 0.84375 0
3526 0.234375 0.84375 0
3527 0.25 0.84375 0
3528 0.265625 0.84375 0
3529 0.28125 0.84375 0
3530 0.296875 0.84375 0
3531 0.3125 0.84375 0
3532 0.328125 0.84375 0
3533 0.34375 0.84375 0
3534 0.359375 0.84375 0
3535 0.375 0.84375 0
3536 0.390625 0.84375 0
3537 0.40625 0.84375 0
3538 0.421875 0.84375 0
3539 0.4375 0.84375 0
3540 0.453125 0.84375 0
3541 0.46875 0.84375 0
3542 0.484375 0.84375 0
3543 0.5 0.84375 0
3544 0.515625 0.84375 0
3545 0.53125 0.84375 0
3546 0.546875 0.84375 0
3547 0.5625 0.84375 0
3548 0.578125 0.84375 0
3549 0.59375 0.84375 0
3550 0.609375 0.84375 0
3551 0.625 0.84375 0
3552 0.640625 0.84375 0
3553 0.65625 0.84375 0
3554 0.671875 0.84375 0
3555 0.6875 0.84375 0
3556 0.703125 0.84375 0
3557 0.71875 0.84375 0
3558 0.734375 0.84375 0
3559 0.75 0.84375 0
3560 0.765625 0.84375 0
3561 0.78125 0.84375 0
3562 0.796875 0.84375 0
3563 0.8125 0.84375 0
3564 0.828125 0.84375 0
3565 0.84375 0.84375 0
3566 0.859375 0.84375 0
3567 0.875 0.84375 0
3568 0.890625 0.84375 0
3569 0.90625 0.84375 0
3570 0.921875 0.84375 0
3571 0.9375 0.84375 0
3572 0.953125 0.84375 0
3573 0.96875 0.84375 0
3574 0.984375 0.84375 0
3575 1 0.84375 0
3576 0 0.859375 0
3577 0.015625 0.859375 0
3578 0.03125 0.859375 0
3579 0.046875 0.859375 0
3580 0.0625 0.859375 0
3581 0.078125 0.859375 0
3582 0.09375 0.859375 0
3583 0.109375 0.859375 0
3584 0.125 0.859375 0
3585 0.140625 0.859375 0
3586 0.15625 0.859375 0
3587 0.171875 0.859375 0
3588 0.1875 0.859375 0
3589 0.203125 0.859375 0
3590 0.21875 0.859375 0
3591 0.234375 0.859375 0
3592 0.25 0.859375 0
3593 0.265625 0.859375 0
3594 0.28125 0.859375 0
3595 0.296875 0.859375 0
3596 0.3125 0.859375 0
3597 0.328125 0.859375 0
3598 0.34375 0.859375 0
3599 0.359375 0.859375 0
3600 0.375 0.859375 0
3601 0.390625 0.859375 0
3602 0.40625 0.859375 0
3603 0.421875 0.859375 0
3604 0.4375 0.859375 0
3605 0.453125 0.859375 0
3606 0.46875 0.859375 0
3607 0.484375 0.859375 0
3608 0.5 0.859375 0
3609 0.515625 0.859375 0
3610 0.53125 0.859375 0
3611 0.546875 0.859375 0
3612 0.5625 0.859375 0
3613 0.578125 0.859375 0
3614 0.59375 0.859375 0
3615 0.609375 0.859375 0
3616 0.625 0.859375 0
3617 0.640625 0.859375 0
3618 0.65625 0.859375 0
3619 0.671875 0.859375 0
3620 0.6875 0.859375 0
3621 0.703125 0.859375 0
3622 0.71875 0.859375 0
3623 0.734375 0.859375 0
3624 0.75 0.859375 0
3625 0.765625 0.859375 0
3626 0.78125 0.859375 0
3627 0.796875 0.859375 0
3628 0.8125 0.859375 0
3629 0.828125 0.859375 0
3630 0.84375 0.859375 0
3631 0.859375 0.859375 0
3632 0.875 0.859375 0
3633 0.890625 0.859375 0
3634 0.90625 0.859375 0
3635 0.921875 0.859375 0
3636 0.9375 0.859375 0
3637 0.953125 0.859375 0
3638 0.96875 0.859375 0
3639 0.984375 0.859375 0
3640 1 0.859375 0
3641 0 0.875 0
3642 0.015625 0.875 0
3643 0.03125 0.875 0
3644 0.046875 0.875 0
3645 0.0625 0.875 0
3646 0.078125 0.875 0
3647 0.09375 0.875 0
3648 0.109375 0.875 0
3649 0.125 0.875 0
3650 0.140625 0.875 0
3651 0.15625 0.875 0
3652 0.171875 0.875 0
3653 0.1875 0.875 0
3654 0.203125 0.875 0
3655 0.21875 0.875 0
3656 0.234375 0.875 0
3657 0.25 0.875 0
3658 0.265625 0.875 0
3659 0.28125 0.875 0
3660 0.296875 0.875 0
3661 0.3125 0.875 0
3662 0.328125 0.875 0
3663 0.34375 0.875 0
3664 0.359375 0.875 0
3665 0.375 0.875 0
3666 0.390625 0.875 0
3667 0.40625 0.875 0
3668 0.421875 0.875 0
3669 0.4375 0.875 0
3670 0.453125 0.875 0
3671 0.46875 0.875 0
3672 0.484375 0.875 0
3673 0.5 0.875 0
3674 0.515625 0.875 0
3675 0.53125 0.875 0
3676 0.546875 0.875 0
3677 0.5625 0.875 0
3678 0.578125 0.875 0
3679 0.59375 0.875 0
3680 0.609375 0.875 0
3681 0.625 0.875 0
3682 0.640625 0.875 0
3683 0.65625 0.875 0
3684 0.671875 0.875 0
3685 0.6875 0.875 0
3686 0.703125 0.875 0
3687 0.71875 0.875 0
3688 0.734375 0.875 0
3689 0.75 0.875 0
3690 0.765625 0.875 0
3691 0.78125 0.875 0
3692 0.796875 0.875 0
3693 0.8125 0.875 0
3694 0.828125 0.875 0
3695 0.84375 0.875 0
3696 0.859375 0.875 0
3697 0.875 0.875 0
3698 0.890625 0.875 0
3699 0.90625 0.875 0
3700 0.921875 0.875 0
3701 0.9375 0.875 0
3702 0.953125 0.875 0
3703 0.96875 0.875 0
3704 0.984375 0.875 0
3705 1 0.875 0
3706 0 0.890625 0
3707 0.015625 0.890625 0
3708 0.03125 0.890625 0
3709 0.046875 0.890625 0
3710 0.0625 0.890625 0
3711 0.078125 0.890625 0
3712 0.09375 0.890625 0
3713 0.109375 0.890625 0
3714 0.125 0.890625 0
3715 0.140625 0.890625 0
3716 0.15625 0.890625 0
3717 0.171875 0.890625 0
3718 0.1875 0.890625 0
3719 0.203125 0.890625 0
3720 0.21875 0.890625 0
3721 0.234375 0.890625 0
3722 0.25 0.890625 0
3723 0.265625 0.890625 0
3724 0.28125 0.890625 0
3725 0.296875 0.890625 0
3726 0.3125 0.890625 0
3727 0.328125 0.890625 0
3728 0.34375 0.890625 0
3729 0.359375 0.890625 0
3730 0.375 0.890625 0
3731 0.390625 0.890625 0
3732 0.40625 0.890625 0
3733 0.421875 0.890625 0
3734 0.4375 0.890625 0
3735 0.453125 0.890625 0
3736 0.46875 0.890625 0
3737 0.484375 0.890625 0
3738 0.5 0.890625 0
3739 0.515625 0.890625 0
3740 0.53125 0.890625 0
3741 0.546875 0.890625 0
3742 0.5625 0.890625 0
3743 0.578125 0.890625 0
3744 0.59375 0.890625 0
3745 0.609375 0.890625 0
3746 0.625 0.890625 0
3747 0.640625 0.890625 0
3748 0.65625 0.890625 0
3749 0.671875 0.890625 0
3750 0.6875 0.890625 0
3751 0.703125 0.890625 0
3752 0.71875 0.890625 0
3753 0.734375 0.890625 0
3754 0.75 0.890625 0
3755 0.765625 0.890625 0
3756 0.78125 0.890625 0
3757 0.796875 0.890625 0
3758 0.8125 0.890625 0
3759 0.828125 0.890625 0
3760 0.84375 0.890625 0
3761 0.859375 0.890625 0
3762 0.875 0.890625 0
3763 0.890625 0.890625 0
3764 0.90625 0.890625 0
3765 0.921875 0.890625 0
3766 0.9375 0.890625 0
3767 0.953125 0.890625 0
3768 0.96875 0.890625 0
3769 0.984375 0.890625 0
3770 1 0.890625 0
3771 0 0.90625 0
3772 0.015625 0.90625 0
3773 0.03125 0.90625 0
3774 0.046875 0.90625 0
3775 0.0625 0.90625 0
3776 0.078125 0.90625 0
3777 0.09375 0.90625 0
3778 0.109375 0.90625 0
3779 0.125 0.90625 0
3780 0.140625 0.90625 0
3781 0.15625 0.90625 0
3782 0.171875 0.90625 0
3783 0.1875 0.90625 0
3784 0.203125 0.90625 0
3785 0.21875 0.90625 0
3786 0.234375 0.90625 0
3787 0.25 0.90625 0
3788 0.265625 0.90625 0
3789 0.28125 0.90625 0
3790 0.296875 0.90625 0
3791 0.3125 0.90625 0
3792 0.328125 0.90625 0
3793 0.34375 0.90625 0
3794 0.359375 0.90625 0
3795 0.375 0.90625 0
3796 0.390625 0.90625 0
3797 0.40625 0.90625 0
3798 0.421875 0.90625 0
3799 0.4375 0.90625 0
3800 0.453125 0.90625 0
3801 0.46875 0.90625 0
3802 0.484375 0.90625 0
3803 0.5 0.90625 0
3804 0.515625 0.90625 0
3805 0.53125 0.90625 0
3806 0.546875 0.90625 0
3807 0.5625 0.90625 0
3808 0.578125 0.90625 0
3809 0.59375 0.90625 0
3810 0.609375 0.90625 0
3811 0.625 0.90625 0
3812 0.640625 0.90625 0
3813 0.65625 0.90625 0
3814 0.671875 0.90625 0
3815 0.6875 0.90625 0
3816 0.703125 0.90625 0
3817 0.71875 0.90625 0
3818 0.734375 0.90625 0
3819 0.75 0.90625 0
3820 0.765625 0.90625 0
3821 0.78125 0.90625 0
3822 0.796875 0.90625 0
3823 0.8125 0.90625 0
3824 0.828125 0.90625 0
3825 0.84375 0.90625 0
3826 0.859375 0.90625 0
3827 0.875 0.90625 0
3828 0.890625 0.90625 0
3829 0.90625 0.90625 0
3830 0.921875 0.90625 0
3831 0.9375 0.90625 0
3832 0.953125 0.90625 0
3833 0.96875 0.90625 0
3834 0.984375 0.90625 0
3835 1 0.90625 0
3836 0 0.921875 0
3837 0.015625 0.921875 0
3838 0.03125 0.921875 0
3839 0.046875 0.921875 0
3840 0.0625 0.921875 0
3841 0.078125 0.921875 0
3842 0.09375 0.921875 0
3843 0.109375 0.921875 0
3844 0.125 0.921875 0
3845 0.140625 0.921875 0
3846 0.15625 0.921875 0
3847 0.171875 0.921875 0
3848 0.1875 0.921875 0
3849 0.203125 0.921875 0
3850 0.21875 0.921875 0
3851 0.234375 0.921875 0
3852 0.25 0.921875 0
3853 0.265625 0.921875 0
3854 0.28125 0.921875 0
3855 0.296875 0.921875 0
3856 0.3125 0.921875 0
3857 0.328125 0.921875 0
3858 0.34375 0.921875 0
3859 0.359375 0.921875 0
3860 0.375 0.921875 0
3861 0.390625 0.921875 0
3862 0.40625 0.921875 0
3863 0.421875 0.921875 0
3864 0.4375 0.921875 0
3865 0.453125 0.921875 0
3866 0.46875 0.921875 0
3867 0.484375 0.921875 0
3868 0.5 0.921875 0
3869 0.515625 0.921875 0
3870 0.53125 0.921875 0
3871 0.546875 0.921875 0
3872 0.5625 0.921875 0
3873 0.578125 0.921875 0
3874 0.59375 0.921875 0
3875 0.609375 0.921875 0
3876 0.625 0.921875 0
3877 0.640625 0.921875 0
3878 0.65625 0.921875 0
3879 0.671875 0.921875 0
3880 0.6875 0.921875 0
3881 0.703125 0.921875 0
3882 0.71875 0.921875 0
3883 0.734375 0.921875 0
3884 0.75 0.921875 0
3885 0.765625 0.921875 0
3886 0.78125 0.921875 0
3887 0.796875 0.921875 0
3888 0.8125 0.921875 0
3889 0.828125 0.921875 0
3890 0.84375 0.921875 0
3891 0.859375 0.921875 0
3892 0.875 0.921875 0
3893 0.890625 0.921875 0
3894 0.90625 0.921875 0
3895 0.921875 0.921875 0
3896 0.9375 0.921875 0
3897 0.953125 0.921875 0
3898 0.96875 0.921875 0
3899 0.984375 0.921875 0
3900 1 0.921875 0
3901 0 0.9375 0
3902 0.015625 0.9375 0
3903 0.03125 0.9375 0
3904 0.046875 0.9375 0
3905 0.0625 0.9375 0
3906 0.078125 0.9375 0
3907 0.09375 0.9375 0
3908 0.109375 0.9375 0
3909 0.125 0.9375 0
3910 0.140625 0.9375 0
3911 0.15625 0.9375 0
3912 0.171875 0.9375 0
3913 0.1875 0.9375 0
3914 0.203125 0.9375 0
3915 0.21875 0.9375 0
3916 0.234375 0.9375 0
3917 0.25 0.9375 0
3918 0.265625 0.9375 0
3919 0.28125 0.9375 0
3920 0.296875 0.9375 0
3921 0.3125 0.9375 0
3922 0.328125 0.9375 0
3923 0.34375 0.9375 0
3924 0.359375 0.9375 0
3925 0.375 0.9375 0
3926 0.390625 0.9375 0
3927 0.40625 0.9375 0
3928 0.421875 0.9375 0
3929 0.4375 0.9375 0
3930 0.453125 0.9375 0
3931 0.46875 0.9375 0
3932 0.484375 0.9375 0
3933 0.5 0.9375 0
3934 0.515625 0.9375 0
3935 0.53125 0.9375 0
3936 0.546875 0.9375 0
3937 0.5625 0.9375 0
3938 0.578125 0.9375 0
3939 0.59375 0.9375 0
3940 0.609375 0.9375 0
3941 0.625 0.9375 0
3942 0.640625 0.9375 0
3943 0.65625 0.9375 0
3944 0.671875 0.9375 0
3945 0.6875 0.9375 0
3946 0.703125 0.9375 0
3947 0.71875 0.9375 0
3948 0.734375 0.9375 0
3949 0.75 0.9375 0
3950 0.765625 0.9375 0
3951 0.78125 0.9375 0
3952 0.796875 0.9375 0
3953 0.8125 0.9375 0
3954 0.828125 0.9375 0
3955 0.84375 0.9375 0
3956 0.859375 0.9375 0
3957 0.875 0.9375 0
3958 0.890625 0.9375 0
3959 0.90625 0.9375 0
3960 0.921875 0.9375 0
3961 0.9375 0.9375 0
3962 0.953125 0.9375 0
3963 0.96875 0.9375 0
3964 0.984375 0.9375 0
3965 1 0.9375 0
3966 0 0.953125 0
3967 0.015625 0.953125 0
3968 0.03125 0.953125 0
3969 0.046875 0.953125 0
3970 0.0625 0.953125 0
3971 0.078125 0.953125 0
3972 0.09375 0.953125 0
3973 0.109375 0.953125 0
3974 0.125 0.953125 0
3975 0.140625 0.953125 0
3976 0.15625 0.953125 0
3977 0.171875 0.953125 0
3978 0.1875 0.953125 0
3979 0.203125 0.953125 0
3980 0.21875 0.953125 0
3981 0.234375 0.953125 0
3982 0.25 0.953125 0
3983 0.265625 0.953125 0
3984 0.28125 0.953125 0
3985 0.296875 0.953125 0
3986 0.3125 0.953125 0
3987 0.328125 0.953125 0
3988 0.34375 0.953125 0
3989 0.359375 0.953125 0
3990 0.375 0.953125 0
3991 0.390625 0.953125 0
3992 0.40625 0.953125 0
3993 0.421875 0.953125 0
3994 0.4375 0.953125 0
3995 0.453125 0.953125 0
3996 0.46875 0.953125 0
3997 0.484375 0.953125 0
3998 0.5 0.953125 0
3999 0.515625 0.953125 0
4000 0.53125 0.953125 0
4001 0.546875 0.953125 0
4002 0.5625 0.953125 0
4003 0.578125 0.953125 0
4004 0.59375 0.953125 0
4005 0.609375 0.953125 0
4006 0.625 0.953125 0
4007 0.640625 0.953125 0
4008 0.65625 0.953125 0
4009 0.671875 0.953125 0
4010 0.6875 0.953125 0
4011 0.703125 0.953125 0
4012 0.71875 0.953125 0
4013 0.734375 0.953125 0
4014 0.75 0.953125 0
4015 0.765625 0.953125 0
4016 0.78125 0.953125 0
4017 0.796875 0.953125 0
4018 0.8125 0.953125 0
4019 0.828125 0.953125 0
4020 0.84375 0.953125 0
4021 0.859375 0.953125 0
4022 0.875 0.953125 0
4023 0.890625 0.953125 0
4024 0.90625 0.953125 0
4025 0.921875 0.953125 0
4026 0.9375 0.953125 0
4027 0.953125 0.953125 0
4028 0.96875 0.953125 0
4029 0.984375 0.953125 0
4030 1 0.953125 0
4031 0 0.96875 0
4032 0.015625 0.96875 0
4033 0.03125 0.96875 0
4034 0.046875 0.96875 0
4035 0.0625 0.96875 0
4036 0.078125 0.96875 0
4037 0.09375 0.96875 0
4038 0.109375 0.96875 0
4039 0.125 0.96875 0
4040 0.140625 0.96875 0
4041 0.15625 0.96875 0
4042 0.171875 0.96875 0
4043 0.1875 0.96875 0
4044 0.203125 0.96875 0
4045 0.21875 0.96875 0
4046 0.234375 0.96875 0
4047 0.25 0.96875 0
4048 0.265625 0.96875 0
4049 0.28125 0.96875 0
4050 0.296875 0.96875 0
4051 0.3125 0.96875 0
4052 0.328125 0.96875 0
4053 0.34375 0.96875 0
4054 0.359375 0.96875 0
4055 0.375 0.96875 0
4056 0.390625 0.96875 0
4057 0.40625 0.96875 0
4058 0.421875 0.96875 0
4059 0.4375 0.96875 0
4060 0.453125 0.96875 0
4061 0.46875 0.96875 0
4062 0.484375 0.96875 0
4063 0.5 0.96875 0
4064 0.515625 0.96875 0
4065 0.53125 0.96875 0
4066 0.546875 0.96875 0
4067 0.5625 0.96875 0
4068 0.578125 0.96875 0
4069 0.59375 0.96875 0
4070 0.609375 0.96875 0
4071 0.625 0.96875 0
4072 0.640625 0.96875 0
4073 0.65625 0.96875 0
4074 0.671875 0.96875 0
4075 0.6875 0.96875 0
4076 0.703125 0.96875 0
4077 0.71875 0.96875 0
4078 0.734375 0.96875 0
4079 0.75 0.96875 0
4080 0.765625 0.96875 0
4081 0.78125 0.96875 0
4082 0.796875 0.96875 0
4083 0.8125 0.96875 0
4084 0.828125 0.96875 0
4085 0.84375 0.96875 0
4086 0.859375 0.96875 0
4087 0.875 0.96875 0
4088 0.890625 0.96875 0
4089 0.90625 0.96875 0
4090 0.921875 0.96875 0
4091 0.9375 0.96875 0
4092 0.953125 0.96875 0
4093 0.96875 0.96875 0
4094 0.984375 0.96875 0
4095 1 0.96875 0
4096 0 0.984375 0
4097 0.015625 0.984375 0
4098 0.03125 0.984375 0
4099 0.046875 0.984375 0
4100 0.0625 0.984375 0
4101 0.078125 0.984375 0
4102 0.09375 0.984375 0
4103 0.109375 0.984375 0
4104 0.125 0.984375 0
4105 0.140625 0.984375 0
4106 0.15625 0.984375 0
4107 0.171875 0.984375 0
4108 0.1875 0.984375 0
4109 0.203125 0.984375 0
4110 0.21875 0.984375 0
4111 0.234375 0.984375 0
4112 0.25 0.984375 0
4113 0.265625 0.984375 0
4114 0.28125 0.984375 0
4115 0.296875 0.984375 0
4116 0.3125 0.984375 0
4117 0.328125 0.984375 0
4118 0.34375 0.984375 0
4119 0.359375 0.984375 0
4120 0.375 0.984375 0
4121 0.390625 0.984375 0
4122 0.40625 0.984375 0
4123 0.421875 0.984375 0
4124 0.4375 0.984375 0
4125 0.453125 0.984375 0
4126 0.46875 0.984375 0
4127 0.484375 0.984375 0
4128 0.5 0.984375 0
4129 0.515625 0.984375 0
4130 0.53125 0.984375 0
4131 0.546875 0.984375 0
4132 0.5625 0.984375 0
4133 0.578125 0.984375 0
4134 0.59375 0.984375 0
4135 0.609375 0.984375 0
4136 0.625 0.984375 0
4137 0.640625 0.984375 0
4138 0.65625 0.984375 0
4139 0.671875 0.984375 0
4140 0.6875 0.984375 0
4141 0.703125 0.984375 0
4142 0.71875 0.984375 0
4143 0.734375 0.984375 0
4144 0.75 0.984375 0
4145 0.765625 0.984375 0
4146 0.78125 0.984375 0
4147 0.796875 0.984375 0
4148 0.8125 0.984375 0
4149 0.828125 0.984375 0
4150 0.84375 0.984375 0
4151 0.859375 0.984375 0
4152 0.875 0.984375 0
4153 0.890625 0.984375 0
4154 0.90625 0.984375 0
4155 0.921875 0.984375 0
4156 0.9375 0.984375 0
4157 0.953125 0.984375 0
4158 0.96875 0.984375 0
4159 0.984375 0.984375 0
4160 1 0.984375 0
4161 0 1 0
4162 0.015625 1 0
4163 0.03125 1 0
4164 0.046875 1 0
4165 0.0625 1 0
4166 0.078125 1 0
4167 0.09375 1 0
4168 0.109375 1 0
4169 0.125 1 0
4170 0.140625 1 0
4171 0.15625 1 0
4172 0.171875 1 0
4173 0.1875 1 0
4174 0.203125 1 0
4175 0.21875 1 0
4176 0.234375 1 0
4177 0.25 1 0
4178 0.265625 1 0
4179 0.28125 1 0
4180 0.296875 1 0
4181 0.3125 1 0
4182 0.328125 1 0
4183 0.34375 1 0
4184 0.359375 1 0
4185 0.375 1 0
4186 0.390625 1 0
4187 0.40625 1 0
4188 0.421875 1 0
4189 0.4375 1 0
4190 0.453125 1 0
4191 0.46875 1 0
4192 0.484375 1 0
4193 0.5 1 0
4194 0.515625 1 0
4195 0.53125 1 0
4196 0.546875 1 0
4197 0.5625 1 0
4198 0.578125 1 0
4199 0.59375 1 0
4200 0.609375 1 0
4201 0.625 1 0
4202 0.640625 1 0
4203 0.65625 1 0
4204 0.671875 1 0
4205 0.6875 1 0
4206 0.703125 1 0
4207 0.71875 1 0
4208 0.734375 1 0
4209 0.75 1 0
4210 0.765625 1 0
4211 0.78125 1 0
4212 0.796875 1 0
4213 0.8125 1 0
4214 0.828125 1 0
4215 0.84375 1 0
4216 0.859375 1 0
4217 0.875 1 0
4218 0.890625 1 0
4219 0.90625 1 0
4220 0.921875 1 0
4221 0.9375 1 0
4222 0.953125 1 0
4223 0.96875 1 0
4224 0.984375 1 0
4225 1 1 0
$EndNodes
$Elements
4352
1 1 2 1 1 1 66
2 1 2 1 1 66 131
3 1 2 1 1 131 196
4 1 2 1 1 196 261
5 1 2 1 1 261 326
6 1 2 1 1 326 391
7 1 2 1 1 391 456
8 1 2 1 1 456 521
9 1 2 1 1 521 586
10 1 2 1 1 586 651
11 1 2 1 1 651 716
12 1 2 1 1 716 781
13 1 2 1 1 781 846
14 1 2 1 1 846 911
15 1 2 1 1 911 976
16 1 2 1 1 976 1041
17 1 2 1 1 1041 1106
18 1 2 1 1 1106 1171
19 1 2 1 1 1171 1236
20 1 2 1 1 1236 1301
21 1 2 1 1 1301 1366
22 1 2 1 1 1366 1431
23 1 2 1 1 1431 1496
24 1 2 1 1 1496 1561
25 1 2 1 1 1561 1626
26 1 2 1 1 1626 1691
27 1 2 1 1 1691 1756
28 1 2 1 1 1756 1821
29 1 2 1 1 1821 1886
30 1 2 1 1 1886 1951
31 1 2 1 1 1951 2016
32 1 2 1 1 2016 2081
33 1 2 1 1 2081 2146
34 1 2 1 1 2146 2211
35 1 2 1 1 2211 2276
36 1 2 1 1 2276 2341
37 1 2 1 1 2341 2406
38 1 2 1 1 2406 2471
39 1 2 1 1 2471 2536
40 1 2 1 1 2536 2601
41 1 2 1 1 2601 2666
42 1 2 1 1 2666 2731
43 1 2 1 1 2731 2796
44 1 2 1 1 2796 2861
45 1 2 1 1 2861 2926
46 1 2 1 1 2926 2991
47 1 2 1 1 2991 3056
48 1 2 1 1 3056 3121
49 1 2 1 1 3121 3186
50 1 2 1 1 3186 3251
51 1 2 1 1 3251 3316
52 1 2 1 1 3316 3381
53 1 2 1 1 3381 3446
54 1 2 1 1 3446 3511
55 1 2 1 1 3511 3576
56 1 2 1 1 3576 3641
57 1 2 1 1 3641 3706
58 1 2 1 1 3706 3771
59 1 2 1 1 3771 3836
60 1 2 1 1 3836 3901
61 1 2 1 1 3901 3966
62 1 2 1 1 3966 4031
63 1 2 1 1 4031 4096
64 1 2 1 1 4096 4161
65 1 2 2 2 65 130
66 1 2 2 2 130 195
67 1 2 2 2 195 260
68 1 2 2 2 260 325
69 1 2 2 2 325 390
70 1 2 2 2 390 455
71 1 2 2 2 455 520
72 1 2 2 2 520 585
73 1 2 2 2 585 650
74 1 2 2 2 650 715
75 1 2 2 2 715 780
76 1 2 2 2 780 845
77 1 2 2 2 845 910
78 1 2 2 2 910 975
79 1 2 2 2 975 1040
80 1 2 2 2 1040 1105
81 1 2 2 2 1105 1170
82 1 2 2 2 1170 1235
83 1 2 2 2 1235 1300
84 1 2 2 2 1300 1365
85 1 2 2 2 1365 1430
86 1 2 2 2 1430 1495
87 1 2 2 2 1495 1560
88 1 2 2 2 1560 1625
89 1 2 2 2 1625 1690
90 1 2 2 2 1690 1755
91 1 2 2 2 1755 1820
92 1 2 2 2 1820 1885
93 1 2 2 2 1885 1950
94 1 2 2 2 1950 2015
95 1 2 2 2 2015 2080
96 1 2 2 2 2080 2145
97 1 2 2 2 2145 2210
98 1 2 2 2 2210 2275
99 1 2 2 2 2275 2340
100 1 2 2 2 2340 2405
101 1 2 2 2 2405 2470
102 1 2 2 2 2470 2535
103 1 2 2 2 2535 2600
104 1 2 2 2 2600 2665
105 1 2 2 2 2665 2730
106 1 2 2 2 2730 2795
107 1 2 2 2 2795 2860
108 1 2 2 2 2860 2925
109 1 2 2 2 2925 2990
110 1 2 2 2 2990 3055
111 1 2 2 2 3055 3120
112 1 2 2 2 3120 3185
113 1 2 2 2 3185 3250
114 1 2 2 2 3250 3315
115 1 2 2 2 3315 3380
116 1 2 2 2 3380 3445
117 1 2 2 2 3445 3510
118 1 2 2 2 3510 3575
119 1 2 2 2 3575 3640
120 1 2 2 2 3640 3705
121 1 2 2 2 3705 3770
122 1 2 2 2 3770 3835
123 1 2 2 2 3835 3900
124 1 2 2 2 3900 3965
125 1 2 2 2 3965 4030
126 1 2 2 2 4030 4095
127 1 2 2 2 4095 4160
128 1 2 2 2 4160 4225
129 1 2 3 3 1 2
130 1 2 3 3 2 3
131 1 2 3 3 3 4
132 1 2 3 3 4 5
133 1 2 3 3 5 6
134 1 2 3 3 6 7
135 1 2 3 3 7 8
136 1 2 3 3 8 9
137 1 2 3 3 9 10
138 1 2 3 3 10 11
139 1 2 3 3 11 12
140 1 2 3 3 12 13
141 1 2 3 3 13 14
142 1 2 3 3 14 15
143 1 2 3 3 15 16
144 1 2 3 3 16 17
145 1 2 3 3 17 18
146 1 2 3 3 18 19
147 1 2 3 3 19 20
148 1 2 3 3 20 21
149 1 2 3 3 21 22
150 1 2 3 3 22 23
151 1 2 3 3 23 24
152 1 2 3 3 24 25
153 1 2 3 3 25 26
154 1 2 3 3 26 27
155 1 2 3 3 27 28
156 1 2 3 3 28 29
157 1 2 3 3 29 30
158 1 2 3 3 30 31
159 1 2 3 3 31 32
160 1 2 3 3 32 33
161 1 2 3 3 33 34
162 1 2 3 3 34 35
163 1 2 3 3 35 36
164 1 2 3 3 36 37
165 1 2 3 3 37 38
166 1 2 3 3 38 39
167 1 2 3 3 39 40
168 1 2 3 3 40 41
169 1 2 3 3 41 42
170 1 2 3 3 42 43
171 1 2 3 3 43 44
172 1 2 3 3 44 45
173 1 2 3 3 45 46
174 1 2 3 3 46 47
175 1 2 3 3 47 48
176 1 2 3 3 48 49
177 1 2 3 3 49 50
178 1 2 3 3 50 51
179 1 2 3 3 51 52
180 1 2 3 3 52 53
181 1 2 3 3 53 54
182 1 2 3 3 54 55
183 1 2 3 3 55 56
184 1 2 3 3 56 57
185 1 2 3 3 57 58
186 1 2 3 3 58 59
187 1 2 3 3 59 60
188 1 2 3 3 60 61
189 1 2 3 3 61 62
190 1 2 3 3 62 63
191 1 2 3 3 63 64
192 1 2 3 3 64 65
193 1 2 4 4 4161 4162
194 1 2 4 4 4162 4163
195 1 2 4 4 4163 4164
196 1 2 4 4 4164 4165
197 1 2 4 4 4165 4166
198 1 2 4 4 4166 4167
199 1 2 4 4 4167 4168
200 1 2 4 4 4168 4169
201 1 2 4 4 4169 4170
202 1 2 4 4 4170 4171
203 1 2 4 4 4171 4172
204 1 2 4 4 4172 4173
205 1 2 4 4 4173 4174
206 1 2 4 4 4174 4175
207 1 2 4 4 4175 4176
208 1 2 4 4 4176 4177
209 1 2 4 4 4177 4178
210 1 2 4 4 4178 4179
211 1 2 4 4 4179 4180
212 1 2 4 4 4180 4181
213 1 2 4 4 4181 4182
214 1 2 4 4 4182 4183
215 1 2 4 4 4183 4184
216 1 2 4 4 4184 4185
217 1 2 4 4 4185 4186
218 1 2 4 4 4186 4187
219 1 2 4 4 4187 4188
220 1 2 4 4 4188 4189
221 1 2 4 4 4189 4190
222 1 2 4 4 4190 4191
223 1 2 4 4 4191 4192
224 1 2 4 4 4192 4193
225 1 2 4 4 4193 4194
226 1 2 4 4 4194 4195
227 1 2 4 4 4195 4196
228 1 2 4 4 4196 4197
229 1 2 4 4 4197 4198
230 1 2 4 4 4198 4199
231 1 2 4 4 4199 4200
232 1 2 4 4 4200 4201
233 1 2 4 4 4201 4202
234 1 2 4 4 4202 4203
235 1 2 4 4 4203 4204
236 1 2 4 4 4204 4205
237 1 2 4 4 4205 4206
238 1 2 4 4 4206 4207
239 1 2 4 4 4207 4208
240 1 2 4 4 4208 4209
241 1 2 4 4 4209 4210
242 1 2 4 4 4210 4211
243 1 2 4 4 4211 4212
244 1 2 4 4 4212 4213
245 1 2 4 4 4213 4214
246 1 2 4 4 4214 4215
247 1 2 4 4 4215 4216
248 1 2 4 4 4216 4217
249 1 2 4 4 4217 4218
250 1 2 4 4 4218 4219
251 1 2 4 4 4219 4220
252 1 2 4 4 4220 4221
253 1 2 4 4 4221 4222
254 1 2 4 4 4222 4223
255 1 2 4 4 4223 4224
256 1 2 4 4 4224 4225
257 3 2 5 5 1 2 67 66
258 3 2 5 5 2 3 68 67
259 3 2 5 5 3 4 69 68
260 3 2 5 5 4 5 70 69
261 3 2 5 5 5 6 71 70
262 3 2 5 5 6 7 72 71
263 3 2 5 5 7 8 73 72
264 3 2 5 5 8 9 74 73
265 3 2 5 5 9 10 75 74
266 3 2 5 5 10 11 76 75
267 3 2 5 5 11 12 77 76
268 3 2 5 5 12 13 78 77
269 3 2 5 5 13 14 79 78
270 3 2 5 5 14 15 80 79
271 3 2 5 5 15 16 81 80
272 3 2 5 5 16 17 82 81
273 3 2 5 5 17 18 83 82
274 3 2 5 5 18 19 84 83
275 3 2 5 5 19 20 85 84
276 3 2 5 5 20 21 86 85
277 3 2 5 5 21 22 87 86
278 3 2 5 5 22 23 88 87
279 3 2 5 5 23 24 89 88
280 3 2 5 5 24 25 90 89
281 3 2 5 5 25 26 91 90
282 3 2 5 5 26 27 92 91
283 3 2 5 5 27 28 93 92
284 3 2 5 5 28 29 94 93
285 3 2 5 5 29 30 95 94
286 3 2 5 5 30 31 96 95
287 3 2 5 5 31 32 97 96
288 3 2 5 5 32 33 98 97
289 3 2 5 5 33 34 99 98
290 3 2 5 5 34 35 100 99
291 3 2 5 5 35 36 101 100
292 3 2 5 5 36 37 102 101
293 3 2 5 5 37 38 103 102
294 3 2 5 5 38 39 104 103
295 3 2 5 5 39 40 105 104
296 3 2 5 5 40 41 106 105
297 3 2 5 5 41 42 107 106
298 3 2 5 5 42 43 108 107
299 3 2 5 5 43 44 109 108
300 3 2 5 5 44 45 110 109
301 3 2 5 5 45 46 111 110
302 3 2 5 5 46 47 112 111
303 3 2 5 5 47 48 113 112
304 3 2 5 5 48 49 114 113
305 3 2 5 5 49 50 115 114
306 3 2 5 5 50 51 116 115
307 3 2 5 5 51 52 117 116
308 3 2 5 5 52 53 118 117
309 3 2 5 5 53 54 119 118
310 3 2 5 5 54 55 120 119
311 3 2 5 5 55 56 121 120
312 3 2 5 5 56 57 122 121
313 3 2 5 5 57 58 123 122
314 3 2 5 5 58 59 124 123
315 3 2 5 5 59 60 125 124
316 3 2 5 5 60 61 126 125
317 3 2 5 5 61 62 127 126
318 3 2 5 5 62 63 128 127
319 3 2 5 5 63 64 129 128
320 3 2 5 5 64 65 130 129
321 3 2 5 5 66 67 132 131
322 3 2 5 5 67 68 133 132
323 3 2 5 5 68 69 134 133
324 3 2 5 5 69 70 135 134
325 3 2 5 5 70 71 136 135
326 3 2 5 5 71 72 137 136
327 3 2 5 5 72 73 138 137
328 3 2 5 5 73 74 139 138
329 3 2 5 5 74 75 140 139
330 3 2 5 5 75 76 141 140
331 3 2 5 5 76 77 142 141
332 3 2 5 5 77 78 143 142
333 3 2 5 5 78 79 144 143
334 3 2 5 5 79 80 145 144
335 3 2 5 5 80 81 146 145
336 3 2 5 5 81 82 147 146
337 3 2 5 5 82 83 148 147
338 3 2 5 5 83 84 149 148
339 3 2 5 5 84 85 150 149
340 3 2 5 5 85 86 151 150
341 3 2 5 5 86 87 152 151
342 3 2 5 5 87 88 153 152
343 3 2 5 5 88 89 154 153
344 3 2 5 5 89 90 155 154
345 3 2 5 5 90 91 156 155
346 3 2 5 5 91 92 157 156
347 3 2 5 5 92 93 158 157
348 3 2 5 5 93 94 159 158
349 3 2 5 5 94 95 160 159
350 3 2 5 5 95 96 161 160
351 3 2 5 5 96 97 162 161
352 3 2 5 5 97 98 163 162
353 3 2 5 5 98 99 164 163
354 3 2 5 5 99 100 165 164
355 3 2 5 5 100 101 166 165
356 3 2 5 5 101 102 167 166
357 3 2 5 5 102 103 168 167
358 3 2 5 5 103 104 169 168
359 3 2 5 5 104 105 170 169
360 3 2 5 5 105 106 171 170
361 3 2 5 5 106 107 172 171
362 3 2 5 5 107 108 173 172
363 3 2 5 5 108 109 174 173
364 3 2 5 5 109 110 175 174
365 3 2 5 5 110 111 176 175
366 3 2 5 5 111 112 177 176
367 3 2 5 5 112 113 178 177
368 3 2 5 5 113 114 179 178
369 3 2 5 5 114 115 180 179
370 3 2 5 5 115 116 181 180
371 3 2 5 5 116 117 182 181
372 3 2 5 5 117 118 183 182
373 3 2 5 5 118 119 184 183
374 3 2 5 5 119 120 185 184
375 3 2 5 5 120 121 186 185
376 3 2 5 5 121 122 187 186
377 3 2 5 5 122 123 188 187
378 3 2 5 5 123 124 189 188
379 3 2 5 5 124 125 190 189
380 3 2 5 5 125 126 191 190
381 3 2 5 5 126 127 192 191
382 3 2 5 5 127 128 193 192
383 3 2 5 5 128 129 194 193
384 3 2 5 5 129 130 195 194
385 3 2 5 5 131 132 197 196
386 3 2 5 5 132 133 198 197
387 3 2 5 5 133 134 199 198
388 3 2 5 5 134 135 200 199
389 3 2 5 5 135 136 201 200
390 3 2 5 5 136 137 202 201
391 3 2 5 5 137 138 203 202
392 3 2 5 5 138 139 204 203
393 3 2 5 5 139 140 205 204
394 3 2 5 5 140 141 206 205
395 3 2 5 5 141 142 207 206
396 3 2 5 5 142 143 208 207
397 3 2 5 5 143 144 209 208
398 3 2 5 5 144 145 210 209
399 3 2 5 5 145 146 211 210
400 3 2 5 5 146 147 212 211
401 3 2 5 5 147 148 213 212
402 3 2 5 5 148 149 214 213
403 3 2 5 5 149 150 215 214
404 3 2 5 5 150 151 216 215
405 3 2 5 5 151 152 217 216
406 3 2 5 5 152 153 218 217
407 3 2 5 5 153 154 219 218
408 3 2 5 5 154 155 220 219
409 3 2 5 5 155 156 221 220
410 3 2 5 5 156 157 222 221
411 3 2 5 5 157 158 223 222
412 3 2 5 5 158 159 224 223
413 3 2 5 5 159 160 225 224
414 3 2 5 5 160 161 226 225
415 3 2 5 5 161 162 227 226
416 3 2 5 5 162 163 228 227
417 3 2 5 5 163 164 229 228
418 3 2 5 5 164 165 230 229
419 3 2 5 5 165 166 231 230
420 3 2 5 5 166 167 232 231
421 3 2 5 5 167 168 233 232
422 3 2 5 5 168 169 234 233
423 3 2 5 5 169 170 235 234
424 3 2 5 5 170 171 236 235
425 3 2 5 5 171 172 237 236
426 3 2 5 5 172 173 238 237
427 3 2 5 5 173 174 239 238
428 3 2 5 5 174 175 240 239
429 3 2 5 5 175 176 241 240
430 3 2 5 5 176 177 242 241
431 3 2 5 5 177 178 243 242
432 3 2 5 5 178 179 244 243
433 3 2 5 5 179 180 245 244
434 3 2 5 5 180 181 246 245
435 3 2 5 5 181 182 247 246
436 3 2 5 5 182 183 248 247
437 3 2 5 5 183 184 249 248
438 3 2 5 5 184 185 250 249
439 3 2 5 5 185 186 251 250
440 3 2 5 5 186 187 252 251
441 3 2 5 5 187 188 253 252
442 3 2 5 5 188 189 254 253
443 3 2 5 5 189 190 255 254
444 3 2 5 5 190 191 256 255
445 3 2 5 5 191 192 257 256
446 3 2 5 5 192 193 258 257
447 3 2 5 5 193 194 259 258
448 3 2 5 5 194 195 260 259
449 3 2 5 5 196 197 262 261
450 3 2 5 5 197 198 263 262
451 3 2 5 5 198 199 264 263
452 3 2 5 5 199 200 265 264
453 3 2 5 5 200 201 266 265
454 3 2 5 5 201 202 267 266
455 3 2 5 5 202 203 268 267
456 3 2 5 5 203 204 269 268
457 3 2 5 5 204 205 270 269
458 3 2 5 5 205 206 271 270
459 3 2 5 5 206 207 272 271
460 3 2 5 5 207 208 273 272
461 3 2 5 5 208 209 274 273
462 3 2 5 5 209 210 275 274
463 3 2 5 5 210 211 276 275
464 3 2 5 5 211 212 277 276
465 3 2 5 5 212 213 278 277
466 3 2 5 5 213 214 279 278
467 3 2 5 5 214 215 280 279
468 3 2 5 5 215 216 281 280
469 3 2 5 5 216 217 282 281
470 3 2 5 5 217 218 283 282
471 3 2 5 5 218 219 284 283
472 3 2 5 5 219 220 285 284
473 3 2 5 5 220 221 286 285
474 3 2 5 5 221 222 287 286
475 3 2 5 5 222 223 288 287
476 3 2 5 5 223 224 289 288
477 3 2 5 5 224 225 290 289
478 3 2 5 5 225 226 291 290
479 3 2 5 5 226 227 292 291
480 3 2 5 5 227 228 293 292
481 3 2 5 5 228 229 294 293
482 3 2 5 5 229 230 295 294
483 3 2 5 5 230 231 296 295
484 3 2 5 5 231 232 297 296
485 3 2 5 5 232 233 298 297
486 3 2 5 5 233 234 299 298
487 3 2 5 5 234 235 300 299
488 3 2 5 5 235 236 301 300
489 3 2 5 5 236 237 302 301
490 3 2 5 5 237 238 303 302
491 3 2 5 5 238 239 304 303
492 3 2 5 5 239 240 305 304
493 3 2 5 5 240 241 306 305
494 3 2 5 5 241 242 307 306
495 3 2 5 5 242 243 308 307
496 3 2 5 5 243 244 309 308
497 3 2 5 5 244 245 310 309
498 3 2 5 5 245 246 311 310
499 3 2 5 5 246 247 312 311
500 3 2 5 5 247 248 313 312
501 3 2 5 5 248 249 314 313
502 3 2 5 5 249 250 315 314
503 3 2 5 5 250 251 316 315
504 3 2 5 5 251 252 317 316
505 3 2 5 5 252 253 318 317
506 3 2 5 5 253 254 319 318
507 3 2 5 5 254 255 320 319
508 3 2 5 5 255 256 321 320
509 3 2 5 5 256 257 322 321
510 3 2 5 5 257 258 323 322
511 3 2 5 5 258 259 324 323
512 3 2 5 5 259 260 325 324
513 3 2 5 5 261 262 327 326
514 3 2 5 5 262 263 328 327
515 3 2 5 5 263 264 329 328
516 3 2 5 5 264 265 330 329
517 3 2 5 5 265 266 331 330
518 3 2 5 5 266 267 332 331
519 3 2 5 5 267 268 333 332
520 3 2 5 5 268 269 334 333
521 3 2 5 5 269 270 335 334
522 3 2 5 5 270 271 336 335
523 3 2 5 5 271 272 337 336
524 3 2 5 5 272 273 338 337
525 3 2 5 5 273 274 339 338
526 3 2 5 5 274 275 340 339
527 3 2 5 5 275 276 341 340
528 3 2 5 5 276 277 342 341
529 3 2 5 5 277 278 343 342
530 3 2 5 5 278 279 344 343
531 3 2 5 5 279 280 345 344
532 3 2 5 5 280 281 346 345
533 3 2 5 5 281 282 347 346
534 3 2 5 5 282 283 348 347
535 3 2 5 5 283 284 349 348
536 3 2 5 5 284 285 350 349
537 3 2 5 5 285 286 351 350
538 3 2 5 5 286 287 352 351
539 3 2 5 5 287 288 353 352
540 3 2 5 5 288 289 354 353
541 3 2 5 5 289 290 355 354
542 3 2 5 5 290 291 356 355
543 3 2 5 5 291 292 357 356
544 3 2 5 5 292 293 358 357
545 3 2 5 5 293 294 359 358
546 3 2 5 5 294 295 360 359
547 3 2 5 5 295 296 361 360
548 3 2 5 5 296 297 362 361
549 3 2 5 5 297 298 363 362
550 3 2 5 5 298 299 364 363
551 3 2 5 5 299 300 365 364
552 3 2 5 5 300 301 366 365
553 3 2 5 5 301 302 367 366
554 3 2 5 5 302 303 368 367
555 3 2 5 5 303 304 369 368
556 3 2 5 5 304 305 370 369
557 3 2 5 5 305 306 371 370
558 3 2 5 5 306 307 372 371
559 3 2 5 5 307 308 373 372
560 3 2 5 5 308 309 374 373
561 3 2 5 5 309 310 375 374
562 3 2 5 5 310 311 376 375
563 3 2 5 5 311 312 377 376
564 3 2 5 5 312 313 378 377
565 3 2 5 5 313 314 379 378
566 3 2 5 5 314 315 380 379
567 3 2 5 5 315 316 381 380
568 3 2 5 5 316 317 382 381
569 3 2 5 5 317 318 383 382
570 3 2 5 5 318 319 384 383
571 3 2 5 5 319 320 385 384
572 3 2 5 5 320 321 386 385
573 3 2 5 5 321 322 387 386
574 3 2 5 5 322 323 388 387
575 3 2 5 5 323 324 389 388
576 3 2 5 5 324 325 390 389
577 3 2 5 5 326 327 392 391
578 3 2 5 5 327 328 393 392
579 3 2 5 5 328 329 394 393
580 3 2 5 5 329 330 395 394
581 3 2 5 5 330 331 396 395
582 3 2 5 5 331 332 397 396
583 3 2 5 5 332 333 398 397
584 3 2 5 5 333 334 399 398
585 3 2 5 5 334 335 400 399
586 3 2 5 5 335 336 401 400
587 3 2 5 5 336 337 402 401
588 3 2 5 5 337 338 403 402
589 3 2 5 5 338 339 404 403
590 3 2 5 5 339 340 405 404
591 3 2 5 5 340 341 406 405
592 3 2 5 5 341 342 407 406
593 3 2 5 5 342 343 408 407
594 3 2 5 5 343 344 409 408
595 3 2 5 5 344 345 410 409
596 3 2 5 5 345 346 411 410
597 3 2 5 5 346 347 412 411
598 3 2 5 5 347 348 413 412
599 3 2 5 5 348 349 414 413
600 3 2 5 5 349 350 415 414
601 3 2 5 5 350 351 416 415
602 3 2 5 5 351 352 417 416
603 3 2 5 5 352 353 418 417
604 3 2 5 5 353 354 419 418
605 3 2 5 5 354 355 420 419
606 3 2 5 5 355 356 421 420
607 3 2 5 5 356 357 422 421
608 3 2 5 5 357 358 423 422
609 3 2 5 5 358 359 424 423
610 3 2 5 5 359 360 425 424
611 3 2 5 5 360 361 426 425
612 3 2 5 5 361 362 427 426
613 3 2 5 5 362 363 428 427
614 3 2 5 5 363 364 429 428
615 3 2 5 5 364 365 430 429
616 3 2 5 5 365 366 431 430
617 3 2 5 5 366 367 432 431
618 3 2 5 5 367 368 433 432
619 3 2 5 5 368 369 434 433
620 3 2 5 5 369 370 435 434
621 3 2 5 5 370 371 436 435
622 3 2 5 5 371 372 437 436
623 3 2 5 5 372 373 438 437
624 3 2 5 5 373 374 439 438
625 3 2 5 5 374 375 440 439
626 3 2 5 5 375 376 441 440
627 3 2 5 5 376 377 442 441
628 3 2 5 5 377 378 443 442
629 3 2 5 5 378 379 444 443
630 3 2 5 5 379 380 445 444
631 3 2 5 5 380 381 446 445
632 3 2 5 5 381 382 447 446
633 3 2 5 5 382 383 448 447
634 3 2 5 5 383 384 449 448
635 3 2 5 5 384 385 450 449
636 3 2 5 5 385 386 451 450
637 3 2 5 5 386 387 452 451
638 3 2 5 5 387 388 453 452
639 3 2 5 5 388 389 454 453
640 3 2 5 5 389 390 455 454
641 3 2 5 5 391 392 457 456
642 3 2 5 5 392 393 458 457
643 3 2 5 5 393 394 459 458
644 3 2 5 5 394 395 460 459
645 3 2 5 5 395 396 461 460
646 3 2 5 5 396 397 462 461
647 3 2 5 5 397 398 463 462
648 3 2 5 5 398 399 464 463
649 3 2 5 5 399 400 465 464
650 3 2 5 5 400 401 466 465
651 3 2 5 5 401 402 467 466
652 3 2 5 5 402 403 468 467
653 3 2 5 5 403 404 469 468
654 3 2 5 5 404 405 470 469
655 3 2 5 5 405 406 471 470
656 3 2 5 5 406 407 472 471
657 3 2 5 5 407 408 473 472
658 3 2 5 5 408 409 474 473
659 3 2 5 5 409 410 475 474
660 3 2 5 5 410 411 476 475
661 3 2 5 5 411 412 477 476
662 3 2 5 5 412 413 478 477
663 3 2 5 5 413 414 479 478
664 3 2 5 5 414 415 480 479
665 3 2 5 5 415 416 481 480
666 3 2 5 5 416 417 482 481
667 3 2 5 5 417 418 483 482
668 3 2 5 5 418 419 484 483
669 3 2 5 5 419 420 485 484
670 3 2 5 5 420 421 486 485
671 3 2 5 5 421 422 487 486
672 3 2 5 5 422 423 488 487
673 3 2 5 5 423 424 489 488
674 3 2 5 5 424 425 490 489
675 3 2 5 5 425 426 491 490
676 3 2 5 5 426 427 492 491
677 3 2 5 5 427 428 493 492
678 3 2 5 5 428 429 494 493
679 3 2 5 5 429 430 495 494
680 3 2 5 5 430 431 496 495
681 3 2 5 5 431 432 497 496
682 3 2 5 5 432 433 498 497
683 3 2 5 5 433 434 499 498
684 3 2 5 5 434 435 500 499
685 3 2 5 5 435 436 501 500
686 3 2 5 5 436 437 502 501
687 3 2 5 5 437 438 503 502
688 3 2 5 5 438 439 504 503
689 3 2 5 5 439 440 505 504
690 3 2 5 5 440 441 506 505
691 3 2 5 5 441 442 507 506
692 3 2 5 5 442 443 508 507
693 3 2 5 5 443 444 509 508
694 3 2 5 5 444 445 510 509
695 3 2 5 5 445 446 511 510
696 3 2 5 5 446 447 512 511
697 3 2 5 5 447 448 513 512
698 3 2 5 5 448 449 514 513
699 3 2 5 5 449 450 515 514
700 3 2 5 5 450 451 516 515
701 3 2 5 5 451 452 517 516
702 3 2 5 5 452 453 518 517
703 3 2 5 5 453 454 519 518
704 3 2 5 5 454 455 520 519
705 3 2 5 5 456 457 522 521
706 3 2 5 5 457 458 523 522
707 3 2 5 5 458 459 524 523
708 3 2 5 5 459 460 525 524
709 3 2 5 5 460 461 526 525
710 3 2 5 5 461 462 527 526
711 3 2 5 5 462 463 528 527
712 3 2 5 5 463 464 529 528
713 3 2 5 5 464 465 530 529
714 3 2 5 5 465 466 531 530
715 3 2 5 5 466 467 532 531
716 3 2 5 5 467 468 533 532
717 3 2 5 5 468 469 534 533
718 3 2 5 5 469 470 535 534
719 3 2 5 5 470 471 536 535
720 3 2 5 5 471 472 537 536
721 3 2 5 5 472 473 538 537
722 3 2 5 5 473 474 539 538
723 3 2 5 5 474 475 540 539
724 3 2 5 5 475 476 541 540
725 3 2 5 5 476 477 542 541
726 3 2 5 5 477 478 543 542
727 3 2 5 5 478 479 544 543
728 3 2 5 5 479 480 545 544
729 3 2 5 5 480 481 546 545
730 3 2 5 5 481 482 547 546
731 3 2 5 5 482 483 548 547
732 3 2 5 5 483 484 549 548
733 3 2 5 5 484 485 550 549
734 3 2 5 5 485 486 551 550
735 3 2 5 5 486 487 552 551
736 3 2 5 5 487 488 553 552
737 3 2 5 5 488 489 554 553
738 3 2 5 5 489 490 555 554
739 3 2 5 5 490 491 556 555
740 3 2 5 5 491 492 557 556
741 3 2 5 5 492 493 558 557
742 3 2 5 5 493 494 559 558
743 3 2 5 5 494 495 560 559
744 3 2 5 5 495 496 561 560
745 3 2 5 5 496 497 562 561
746 3 2 5 5 497 498 563 562
747 3 2 5 5 498 499 564 563
748 3 2 5 5 499 500 565 564
749 3 2 5 5 500 501 566 565
750 3 2 5 5 501 502 567 566
751 3 2 5 5 502 503 568 567
752 3 2 5 5 503 504 569 568
753 3 2 5 5 504 505 570 569
754 3 2 5 5 505 506 571 570
755 3 2 5 5 506 507 572 571
756 3 2 5 5 507 508 573 572
757 3 2 5 5 508 509 574 573
758 3 2 5 5 509 510 575 574
759 3 2 5 5 510 511 576 575
760 3 2 5 5 511 512 577 576
761 3 2 5 5 512 513 578 577
762 3 2 5 5 513 514 579 578
763 3 2 5 5 514 515 580 579
764 3 2 5 5 515 516 581 580
765 3 2 5 5 516 517 582 581
766 3 2 5 5 517 518 583 582
767 3 2 5 5 518 519 584 583
768 3 2 5 5 519 520 585 584
769 3 2 5 5 521 522 587 586
770 3 2 5 5 522 523 588 587
771 3 2 5 5 523 524 589 588
772 3 2 5 5 524 525 590 589
773 3 2 5 5 525 526 591 590
774 3 2 5 5 526 527 592 591
775 3 2 5 5 527 528 593 592
776 3 2 5 5 528 529 594 593
777 3 2 5 5 529 530 595 594
778 3 2 5 5 530 531 596 595
779 3 2 5 5 531 532 597 596
780 3 2 5 5 532 533 598 597
781 3 2 5 5 533 534 599 598
782 3 2 5 5 534 535 600 599
783 3 2 5 5 535 536 601 600
784 3 2 5 5 536 537 602 601
785 3 2 5 5 537 538 603 602
786 3 2 5 5 538 539 604 603
787 3 2 5 5 539 540 605 604
788 3 2 5 5 540 541 606 605
789 3 2 5 5 541 542 607 606
790 3 2 5 5 542 543 608 607
791 3 2 5 5 543 544 609 608
792 3 2 5 5 544 545 610 609
793 3 2 5 5 545 546 611 610
794 3 2 5 5 546 547 612 611
795 3 2 5 5 547 548 613 612
796 3 2 5 5 548 549 614 613
797 3 2 5 5 549 550 615 614
798 3 2 5 5 550 551 616 615
799 3 2 5 5 551 552 617 616
800 3 2 5 5 552 553 618 617
801 3 2 5 5 553 554 619 618
802 3 2 5 5 554 555 620 619
803 3 2 5 5 555 556 621 620
804 3 2 5 5 556 557 622 621
805 3 2 5 5 557 558 623 622
806 3 2 5 5 558 559 624 623
807 3 2 5 5 559 560 625 624
808 3 2 5 5 560 561 626 625
809 3 2 5 5 561 562 627 626
810 3 2 5 5 562 563 628 627
811 3 2 5 5 563 564 629 628
812 3 2 5 5 564 565 630 629
813 3 2 5 5 565 566 631 630
814 3 2 5 5 566 567 632 631
815 3 2 5 5 567 568 633 632
816 3 2 5 5 568 569 634 633
817 3 2 5 5 569 570 635 634
818 3 2 5 5 570 571 636 635
819 3 2 5 5 571 572 637 636
820 3 2 5 5 572 573 638 637
821 3 2 5 5 573 574 639 638
822 3 2 5 5 574 575 640 639
823 3 2 5 5 575 576 641 640
824 3 2 5 5 576 577 642 641
825 3 2 5 5 577 578 643 642
826 3 2 5 5 578 579 644 643
827 3 2 5 5 579 580 645 644
828 3 2 5 5 580 581 646 645
829 3 2 5 5 581 582 647 646
830 3 2 5 5 582 583 648 647
831 3 2 5 5 583 584 649 648
832 3 2 5 5 584 585 650 649
833 3 2 5 5 586 587 652 651
834 3 2 5 5 587 588 653 652
835 3 2 5 5 588 589 654 653
836 3 2 5 5 589 590 655 654
837 3 2 5 5 590 591 656 655
838 3 2 5 5 591 592 657 656
839 3 2 5 5 592 593 658 657
840 3 2 5 5 593 594 659 658
841 3 2 5 5 594 595 660 659
842 3 2 5 5 595 596 661 660
843 3 2 5 5 596 597 662 661
844 3 2 5 5 597 598 663 662
845 3 2 5 5 598 599 664 663
846 3 2 5 5 599 600 665 664
847 3 2 5 5 600 601 666 665
848 3 2 5 5 601 602 667 666
849 3 2 5 5 602 603 668 667
850 3 2 5 5 603 604 669 668
851 3 2 5 5 604 605 670 669
852 3 2 5 5 605 606 671 670
853 3 2 5 5 606 607 672 671
854 3 2 5 5 607 608 673 672
855 3 2 5 5 608 609 674 673
856 3 2 5 5 609 610 675 674
857 3 2 5 5 610 611 676 675
858 3 2 5 5 611 612 677 676
859 3 2 5 5 612 613 678 677
860 3 2 5 5 613 614 679 678
861 3 2 5 5 614 615 680 679
862 3 2 5 5 615 616 681 680
863 3 2 5 5 616 617 682 681
864 3 2 5 5 617 618 683 682
865 3 2 5 5 618 619 684 683
866 3 2 5 5 619 620 685 684
867 3 2 5 5 620 621 686 685
868 3 2 5 5 621 622 687 686
869 3 2 5 5 622 623 688 687
870 3 2 5 5 623 624 689 688
871 3 2 5 5 624 625 690 689
872 3 2 5 5 625 626 691 690
873 3 2 5 5 626 627 692 691
874 3 2 5 5 627 628 693 692
875 3 2 5 5 628 629 694 693
876 3 2 5 5 629 630 695 694
877 3 2 5 5 630 631 696 695
878 3 2 5 5 631 632 697 696
879 3 2 5 5 632 633 698 697
880 3 2 5 5 633 634 699 698
881 3 2 5 5 634 635 700 699
882 3 2 5 5 635 636 701 700
883 3 2 5 5 636 637 702 701
884 3 2 5 5 637 638 703 702
885 3 2 5 5 638 639 704 703
886 3 2 5 5 639 640 705 704
887 3 2 5 5 640 641 706 705
888 3 2 5 5 641 642 707 706
889 3 2 5 5 642 643 708 707
890 3 2 5 5 643 644 709 708
891 3 2 5 5 644 645 710 709
892 3 2 5 5 645 646 711 710
893 3 2 5 5 646 647 712 711
894 3 2 5 5 647 648 713 712
895 3 2 5 5 648 649 714 713
896 3 2 5 5 649 650 715 714
897 3 2 5 5 651 652 717 716
898 3 2 5 5 652 653 718 717
899 3 2 5 5 653 654 719 718
900 3 2 5 5 654 655 720 719
901 3 2 5 5 655 656 721 720
902 3 2 5 5 656 657 722 721
903 3 2 5 5 657 658 723 722
904 3 2 5 5 658 659 724 723
905 3 2 5 5 659 660 725 724
906 3 2 5 5 660 661 726 725
907 3 2 5 5 661 662 727 726
908 3 2 5 5 662 663 728 727
909 3 2 5 5 663 664 729 728
910 3 2 5 5 664 665 730 729
911 3 2 5 5 665 666 731 730
912 3 2 5 5 666 667 732 731
913 3 2 5 5 667 668 733 732
914 3 2 5 5 668 669 734 733
915 3 2 5 5 669 670 735 734
916 3 2 5 5 670 671 736 735
917 3 2 5 5 671 672 737 736
918 3 2 5 5 672 673 738 737
919 3 2 5 5 673 674 739 738
920 3 2 5 5 674 675 740 739
921 3 2 5 5 675 676 741 740
922 3 2 5 5 676 677 742 741
923 3 2 5 5 677 678 743 742
924 3 2 5 5 678 679 744 743
925 3 2 5 5 679 680 745 744
926 3 2 5 5 680 681 746 745
927 3 2 5 5 681 682 747 746
928 3 2 5 5 682 683 748 747
929 3 2 5 5 683 684 749 748
930 3 2 5 5 684 685 750 749
931 3 2 5 5 685 686 751 750
932 3 2 5 5 686 687 752 751
933 3 2 5 5 687 688 753 752
934 3 2 5 5 688 689 754 753
935 3 2 5 5 689 690 755 754
936 3 2 5 5 690 691 756 755
937 3 2 5 5 691 692 757 756
938 3 2 5 5 692 693 758 757
939 3 2 5 5 693 694 759 758
940 3 2 5 5 694 695 760 759
941 3 2 5 5 695 696 761 760
942 3 2 5 5 696 697 762 761
943 3 2 5 5 697 698 763 762
944 3 2 5 5 698 699 764 763
945 3 2 5 5 699 700 765 764
946 3 2 5 5 700 701 766 765
947 3 2 5 5 701 702 767 766
948 3 2 5 5 702 703 768 767
949 3 2 5 5 703 704 769 768
950 3 2 5 5 704 705 770 769
951 3 2 5 5 705 706 771 770
952 3 2 5 5 706 707 772 771
953 3 2 5 5 707 708 773 772
954 3 2 5 5 708 709 774 773
955 3 2 5 5 709 710 775 774
956 3 2 5 5 710 711 776 775
957 3 2 5 5 711 712 777 776
958 3 2 5 5 712 713 778 777
959 3 2 5 5 713 714 779 778
960 3 2 5 5 714 715 780 779
961 3 2 5 5 716 717 782 781
962 3 2 5 5 717 718 783 782
963 3 2 5 5 718 719 784 783
964 3 2 5 5 719 720 785 784
965 3 2 5 5 720 721 786 785
966 3 2 5 5 721 722 787 786
967 3 2 5 5 722 723 788 787
968 3 2 5 5 723 724 789 788
969 3 2 5 5 724 725 790 789
970 3 2 5 5 725 726 791 790
971 3 2 5 5 726 727 792 791
972 3 2 5 5 727 728 793 792
973 3 2 5 5 728 729 794 793
974 3 2 5 5 729 730 795 794
975 3 2 5 5 730 731 796 795
976 3 2 5 5 731 732 797 796
977 3 2 5 5 732 733 798 797
978 3 2 5 5 733 734 799 798
979 3 2 5 5 734 735 800 799
980 3 2 5 5 735 736 801 800
981 3 2 5 5 736 737 802 801
982 3 2 5 5 737 738 803 802
983 3 2 5 5 738 739 804 803
984 3 2 5 5 739 740 805 804
985 3 2 5 5 740 741 806 805
986 3 2 5 5 741 742 807 806
987 3 2 5 5 742 743 808 807
988 3 2 5 5 743 744 809 808
989 3 2 5 5 744 745 810 809
990 3 2 5 5 745 746 811 810
991 3 2 5 5 746 747 812 811
992 3 2 5 5 747 748 813 812
993 3 2 5 5 748 749 814 813
994 3 2 5 5 749 750 815 814
995 3 2 5 5 750 751 816 815
996 3 2 5 5 751 752 817 816
997 3 2 5 5 752 753 818 817
998 3 2 5 5 753 754 819 818
999 3 2 5 5 754 755 820 819
1000 3 2 5 5 755 756 821 820
1001 3 2 5 5 756 757 822 821
1002 3 2 5 5 757 758 823 822
1003 3 2 5 5 758 759 824 823
1004 3 2 5 5 759 760 825 824
1005 3 2 5 5 760 761 826 825
1006 3 2 5 5 761 762 827 826
1007 3 2 5 5 762 763 828 827
1008 3 2 5 5 763 764 829 828
1009 3 2 5 5 764 765 830 829
1010 3 2 5 5 765 766 831 830
1011 3 2 5 5 766 767 832 831
1012 3 2 5 5 767 768 833 832
1013 3 2 5 5 768 769 834 833
1014 3 2 5 5 769 770 835 834
1015 3 2 5 5 770 771 836 835
1016 3 2 5 5 771 772 837 836
1017 3 2 5 5 772 773 838 837
1018 3 2 5 5 773 774 839 838
1019 3 2 5 5 774 775 840 839
1020 3 2 5 5 775 776 841 840
1021 3 2 5 5 776 777 842 841
1022 3 2 5 5 777 778 843 842
1023 3 2 5 5 778 779 844 843
1024 3 2 5 5 779 780 845 844
1025 3 2 5 5 781 782 847 846
1026 3 2 5 5 782 783 848 847
1027 3 2 5 5 783 784 849 848
1028 3 2 5 5 784 785 850 849
1029 3 2 5 5 785 786 851 850
1030 3 2 5 5 786 787 852 851
1031 3 2 5 5 787 788 853 852
1032 3 2 5 5 788 789 854 853
1033 3 2 5 5 789 790 855 854
1034 3 2 5 5 790 791 856 855
1035 3 2 5 5 791 792 857 856
1036 3 2 5 5 792 793 858 857
1037 3 2 5 5 793 794 859 858
1038 3 2 5 5 794 795 860 859
1039 3 2 5 5 795 796 861 860
1040 3 2 5 5 796 797 862 861
1041 3 2 5 5 797 798 863 862
1042 3 2 5 5 798 799 864 863
1043 3 2 5 5 799 800 865 864
1044 3 2 5 5 800 801 866 865
1045 3 2 5 5 801 802 867 866
1046 3 2 5 5 802 803 868 867
1047 3 2 5 5 803 804 869 868
1048 3 2 5 5 804 805 870 869
1049 3 2 5 5 805 806 871 870
1050 3 2 5 5 806 807 872 871
1051 3 2 5 5 807 808 873 872
1052 3 2 5 5 808 809 874 873
1053 3 2 5 5 809 810 875 874
1054 3 2 5 5 810 811 876 875
1055 3 2 5 5 811 812 877 876
1056 3 2 5 5 812 813 878 877
1057 3 2 5 5 813 814 879 878
1058 3 2 5 5 814 815 880 879
1059 3 2 5 5 815 816 881 880
1060 3 2 5 5 816 817 882 881
1061 3 2 5 5 817 818 883 882
1062 3 2 5 5 818 819 884 883
1063 3 2 5 5 819 820 885 884
1064 3 2 5 5 820 821 886 885
1065 3 2 5 5 821 822 887 886
1066 3 2 5 5 822 823 888 887
1067 3 2 5 5 823 824 889 888
1068 3 2 5 5 824 825 890 889
1069 3 2 5 5 825 826 891 890
1070 3 2 5 5 826 827 892 891
1071 3 2 5 5 827 828 893 892
1072 3 2 5 5 828 829 894 893
1073 3 2 5 5 829 830 895 894
1074 3 2 5 5 830 831 896 895
1075 3 2 5 5 831 832 897 896
1076 3 2 5 5 832 833 898 897
1077 3 2 5 5 833 834 899 898
1078 3 2 5 5 834 835 900 899
1079 3 2 5 5 835 836 901 900
1080 3 2 5 5 836 837 902 901
1081 3 2 5 5 837 838 903 902
1082 3 2 5 5 838 839 904 903
1083 3 2 5 5 839 840 905 904
1084 3 2 5 5 840 841 906 905
1085 3 2 5 5 841 842 907 906
1086 3 2 5 5 842 843 908 907
1087 3 2 5 5 843 844 909 908
1088 3 2 5 5 844 845 910 909
1089 3 2 5 5 846 847 912 911
1090 3 2 5 5 847 848 913 912
1091 3 2 5 5 848 849 914 913
1092 3 2 5 5 849 850 915 914
1093 3 2 5 5 850 851 916 915
1094 3 2 5 5 851 852 917 916
1095 3 2 5 5 852 853 918 917
1096 3 2 5 5 853 854 919 918
1097 3 2 5 5 854 855 920 919
1098 3 2 5 5 855 856 921 920
1099 3 2 5 5 856 857 922 921
1100 3 2 5 5 857 858 923 922
1101 3 2 5 5 858 859 924 923
1102 3 2 5 5 859 860 925 924
1103 3 2 5 5 860 861 926 925
1104 3 2 5 5 861 862 927 926
1105 3 2 5 5 862 863 928 927
1106 3 2 5 5 863 864 929 928
1107 3 2 5 5 864 865 930 929
1108 3 2 5 5 865 866 931 930
1109 3 2 5 5 866 867 932 931
1110 3 2 5 5 867 868 933 932
1111 3 2 5 5 868 869 934 933
1112 3 2 5 5 869 870 935 934
1113 3 2 5 5 870 871 936 935
1114 3 2 5 5 871 872 937 936
1115 3 2 5 5 872 873 938 937
1116 3 2 5 5 873 874 939 938
1117 3 2 5 5 874 875 940 939
1118 3 2 5 5 875 876 941 940
1119 3 2 5 5 876 877 942 941
1120 3 2 5 5 877 878 943 942
1121 3 2 5 5 878 879 944 943
1122 3 2 5 5 879 880 945 944
1123 3 2 5 5 880 881 946 945
1124 3 2 5 5 881 882 947 946
1125 3 2 5 5 882 883 948 947
1126 3 2 5 5 883 884 949 948
1127 3 2 5 5 884 885 950 949
1128 3 2 5 5 885 886 951 950
1129 3 2 5 5 886 887 952 951
1130 3 2 5 5 887 888 953 952
1131 3 2 5 5 888 889 954 953
1132 3 2 5 5 889 890 955 954
1133 3 2 5 5 890 891 956 955
1134 3 2 5 5 891 892 957 956
1135 3 2 5 5 892 893 958 957
1136 3 2 5 5 893 894 959 958
1137 3 2 5 5 894 895 960 959
1138 3 2 5 5 895 896 961 960
1139 3 2 5 5 896 897 962 961
1140 3 2 5 5 897 898 963 962
1141 3 2 5 5 898 899 964 963
1142 3 2 5 5 899 900 965 964
1143 3 2 5 5 900 901 966 965
1144 3 2 5 5 901 902 967 966
1145 3 2 5 5 902 903 968 967
1146 3 2 5 5 903 904 969 968
1147 3 2 5 5 904 905 970 969
1148 3 2 5 5 905 906 971 970
1149 3 2 5 5 906 907 972 971
1150 3 2 5 5 907 908 973 972
1151 3 2 5 5 908 909 974 973
1152 3 2 5 5 909 910 975 974
1153 3 2 5 5 911 912 977 976
1154 3 2 5 5 912 913 978 977
1155 3 2 5 5 913 914 979 978
1156 3 2 5 5 914 915 980 979
1157 3 2 5 5 915 916 981 980
1158 3 2 5 5 916 917 982 981
1159 3 2 5 5 917 918 983 982
1160 3 2 5 5 918 919 984 983
1161 3 2 5 5 919 920 985 984
1162 3 2 5 5 920 921 986 985
1163 3 2 5 5 921 922 987 986
1164 3 2 5 5 922 923 988 987
1165 3 2 5 5 923 924 989 988
1166 3 2 5 5 924 925 990 989
1167 3 2 5 5 925 926 991 990
1168 3 2 5 5 926 927 992 991
1169 3 2 5 5 927 928 993 992
1170 3 2 5 5 928 929 994 993
1171 3 2 5 5 929 930 995 994
1172 3 2 5 5 930 931 996 995
1173 3 2 5 5 931 932 997 996
1174 3 2 5 5 932 933 998 997
1175 3 2 5 5 933 934 999 998
1176 3 2 5 5 934 935 1000 999
1177 3 2 5 5 935 936 1001 1000
1178 3 2 5 5 936 937 1002 1001
1179 3 2 5 5 937 938 1003 1002
1180 3 2 5 5 938 939 1004 1003
1181 3 2 5 5 939 940 1005 1004
1182 3 2 5 5 940 941 1006 1005
1183 3 2 5 5 941 942 1007 1006
1184 3 2 5 5 942 943 1008 1007
1185 3 2 5 5 943 944 1009 1008
1186 3 2 5 5 944 945 1010 1009
1187 3 2 5 5 945 946 1011 1010
1188 3 2 5 5 946 947 1012 1011
1189 3 2 5 5 947 948 1013 1012
1190 3 2 5 5 948 949 1014 1013
1191 3 2 5 5 949 950 1015 1014
1192 3 2 5 5 950 951 1016 1015
1193 3 2 5 5 951 952 1017 1016
1194 3 2 5 5 952 953 1018 1017
1195 3 2 5 5 953 954 1019 1018
1196 3 2 5 5 954 955 1020 1019
1197 3 2 5 5 955 956 1021 1020
1198 3 2 5 5 956 957 1022 1021
1199 3 2 5 5 957 958 1023 1022
1200 3 2 5 5 958 959 1024 1023
1201 3 2 5 5 959 960 1025 1024
1202 3 2 5 5 960 961 1026 1025
1203 3 2 5 5 961 962 1027 1026
1204 3 2 5 5 962 963 1028 1027
1205 3 2 5 5 963 964 1029 1028
1206 3 2 5 5 964 965 1030 1029
1207 3 2 5 5 965 966 1031 1030
1208 3 2 5 5 966 967 1032 1031
1209 3 2 5 5 967 968 1033 1032
1210 3 2 5 5 968 969 1034 1033
1211 3 2 5 5 969 970 1035 1034
1212 3 2 5 5 970 971 1036 1035
1213 3 2 5 5 971 972 1037 1036
1214 3 2 5 5 972 973 1038 1037
1215 3 2 5 5 973 974 1039 1038
1216 3 2 5 5 974 975 1040 1039
1217 3 2 5 5 976 977 1042 1041
1218 3 2 5 5 977 978 1043 1042
1219 3 2 5 5 978 979 1044 1043
1220 3 2 5 5 979 980 1045 1044
1221 3 2 5 5 980 981 1046 1045
1222 3 2 5 5 981 982 1047 1046
1223 3 2 5 5 982 983 1048 1047
1224 3 2 5 5 983 984 1049 1048
1225 3 2 5 5 984 985 1050 1049
1226 3 2 5 5 985 986 1051 1050
1227 3 2 5 5 986 987 1052 1051
1228 3 2 5 5 987 988 1053 1052
1229 3 2 5 5 988 989 1054 1053
1230 3 2 5 5 989 990 1055 1054
1231 3 2 5 5 990 991 1056 1055
1232 3 2 5 5 991 992 1057 1056
1233 3 2 5 5 992 993 1058 1057
1234 3 2 5 5 993 994 1059 1058
1235 3 2 5 5 994 995 1060 1059
1236 3 2 5 5 995 996 1061 1060
1237 3 2 5 5 996 997 1062 1061
1238 3 2 5 5 997 998 1063 1062
1239 3 2 5 5 998 999 1064 1063
1240 3 2 5 5 999 1000 1065 1064
1241 3 2 5 5 1000 1001 1066 1065
1242 3 2 5 5 1001 1002 1067 1066
1243 3 2 5 5 1002 1003 1068 1067
1244 3 2 5 5 1003 1004 1069 1068
1245 3 2 5 5 1004 1005 1070 1069
1246 3 2 5 5 1005 1006 1071 1070
1247 3 2 5 5 1006 1007 1072 1071
1248 3 2 5 5 1007 1008 1073 1072
1249 3 2 5 5 1008 1009 1074 1073
1250 3 2 5 5 1009 1010 1075 1074
1251 3 2 5 5 1010 1011 1076 1075
1252 3 2 5 5 1011 1012 1077 1076
1253 3 2 5 5 1012 1013 1078 1077
1254 3 2 5 5 1013 1014 1079 1078
1255 3 2 5 5 1014 1015 1080 1079
1256 3 2 5 5 1015 1016 1081 1080
1257 3 2 5 5 1016 1017 1082 1081
1258 3 2 5 5 1017 1018 1083 1082
1259 3 2 5 5 1018 1019 1084 1083
1260 3 2 5 5 1019 1020 1085 1084
1261 3 2 5 5 1020 1021 1086 1085
1262 3 2 5 5 1021 1022 1087 1086
1263 3 2 5 5 1022 1023 1088 1087
1264 3 2 5 5 1023 1024 1089 1088
1265 3 2 5 5 1024 1025 1090 1089
1266 3 2 5 5 1025 1026 1091 1090
1267 3 2 5 5 1026 1027 1092 1091
1268 3 2 5 5 1027 1028 1093 1092
1269 3 2 5 5 1028 1029 1094 1093
1270 3 2 5 5 1029 1030 1095 1094
1271 3 2 5 5 1030 1031 1096 1095
1272 3 2 5 5 1031 1032 1097 1096
1273 3 2 5 5 1032 1033 1098 1097
1274 3 2 5 5 1033 1034 1099 1098
1275 3 2 5 5 1034 1035 1100 1099
1276 3 2 5 5 1035 1036 1101 1100
1277 3 2 5 5 1036 1037 1102 1101
1278 3 2 5 5 1037 1038 1103 1102
1279 3 2 5 5 1038 1039 1104 1103
1280 3 2 5 5 1039 1040 1105 1104
1281 3 2 5 5 1041 1042 1107 1106
1282 3 2 5 5 1042 1043 1108 1107
1283 3 2 5 5 1043 1044 1109 1108
1284 3 2 5 5 1044 1045 1110 1109
1285 3 2 5 5 1045 1046 1111 1110
1286 3 2 5 5 1046 1047 1112 1111
1287 3 2 5 5 1047 1048 1113 1112
1288 3 2 5 5 1048 1049 1114 1113
1289 3 2 5 5 1049 1050 1115 1114
1290 3 2 5 5 1050 1051 1116 1115
1291 3 2 5 5 1051 1052 1117 1116
1292 3 2 5 5 1052 1053 1118 1117
1293 3 2 5 5 1053 1054 1119 1118
1294 3 2 5 5 1054 1055 1120 1119
1295 3 2 5 5 1055 1056 1121 1120
1296 3 2 5 5 1056 1057 1122 1121
1297 3 2 5 5 1057 1058 1123 1122
1298 3 2 5 5 1058 1059 1124 1123
1299 3 2 5 5 1059 1060 1125 1124
1300 3 2 5 5 1060 1061 1126 1125
1301 3 2 5 5 1061 1062 1127 1126
1302 3 2 5 5 1062 1063 1128 1127
1303 3 2 5 5 1063 1064 1129 1128
1304 3 2 5 5 1064 1065 1130 1129
1305 3 2 5 5 1065 1066 1131 1130
1306 3 2 5 5 1066 1067 1132 1131
1307 3 2 5 5 1067 1068 1133 1132
1308 3 2 5 5 1068 1069 1134 1133
1309 3 2 5 5 1069 1070 1135 1134
1310 3 2 5 5 1070 1071 1136 1135
1311 3 2 5 5 1071 1072 1137 1136
1312 3 2 5 5 1072 1073 1138 1137
1313 3 2 5 5 1073 1074 1139 1138
1314 3 2 5 5 1074 1075 1140 1139
1315 3 2 5 5 1075 1076 1141 1140
1316 3 2 5 5 1076 1077 1142 1141
1317 3 2 5 5 1077 1078 1143 1142
1318 3 2 5 5 1078 1079 1144 1143
1319 3 2 5 5 1079 1080 1145 1144
1320 3 2 5 5 1080 1081 1146 1145
1321 3 2 5 5 1081 1082 1147 1146
1322 3 2 5 5 1082 1083 1148 1147
1323 3 2 5 5 1083 1084 1149 1148
1324 3 2 5 5 1084 1085 1150 1149
1325 3 2 5 5 1085 1086 1151 1150
1326 3 2 5 5 1086 1087 1152 1151
1327 3 2 5 5 1087 1088 1153 1152
1328 3 2 5 5 1088 1089 1154 1153
1329 3 2 5 5 1089 1090 1155 1154
1330 3 2 5 5 1090 1091 1156 1155
1331 3 2 5 5 1091 1092 1157 1156
1332 3 2 5 5 1092 1093 1158 1157
1333 3 2 5 5 1093 1094 1159 1158
1334 3 2 5 5 1094 1095 1160 1159
1335 3 2 5 5 1095 1096 1161 1160
1336 3 2 5 5 1096 1097 1162 1161
1337 3 2 5 5 1097 1098 1163 1162
1338 3 2 5 5 1098 1099 1164 1163
1339 3 2 5 5 1099 1100 1165 1164
1340 3 2 5 5 1100 1101 1166 1165
1341 3 2 5 5 1101 1102 1167 1166
1342 3 2 5 5 1102 1103 1168 1167
1343 3 2 5 5 1103 1104 1169 1168
1344 3 2 5 5 1104 1105 1170 1169
1345 3 2 5 5 1106 1107 1172 1171
1346 3 2 5 5 1107 1108 1173 1172
1347 3 2 5 5 1108 1109 1174 1173
1348 3 2 5 5 1109 1110 1175 1174
1349 3 2 5 5 1110 1111 1176 1175
1350 3 2 5 5 1111 1112 1177 1176
1351 3 2 5 5 1112 1113 1178 1177
1352 3 2 5 5 1113 1114 1179 1178
1353 3 2 5 5 1114 1115 1180 1179
1354 3 2 5 5 1115 1116 1181 1180
1355 3 2 5 5 1116 1117 1182 1181
1356 3 2 5 5 1117 1118 1183 1182
1357 3 2 5 5 1118 1119 1184 1183
1358 3 2 5 5 1119 1120 1185 1184
1359 3 2 5 5 1120 1121 1186 1185
1360 3 2 5 5 1121 1122 1187 1186
1361 3 2 5 5 1122 1123 1188 1187
1362 3 2 5 5 1123 1124 1189 1188
1363 3 2 5 5 1124 1125 1190 1189
1364 3 2 5 5 1125 1126 1191 1190
1365 3 2 5 5 1126 1127 1192 1191
1366 3 2 5 5 1127 1128 1193 1192
1367 3 2 5 5 1128 1129 1194 1193
1368 3 2 5 5 1129 1130 1195 1194
1369 3 2 5 5 1130 1131 1196 1195
1370 3 2 5 5 1131 1132 1197 1196
1371 3 2 5 5 1132 1133 1198 1197
1372 3 2 5 5 1133 1134 1199 1198
1373 3 2 5 5 1134 1135 1200 1199
1374 3 2 5 5 1135 1136 1201 1200
1375 3 2 5 5 1136 1137 1202 1201
1376 3 2 5 5 1137 1138 1203 1202
1377 3 2 5 5 1138 1139 1204 1203
1378 3 2 5 5 1139 1140 1205 1204
1379 3 2 5 5 1140 1141 1206 1205
1380 3 2 5 5 1141 1142 1207 1206
1381 3 2 5 5 1142 1143 1208 1207
1382 3 2 5 5 1143 1144 1209 1208
1383 3 2 5 5 1144 1145 1210 1209
1384 3 2 5 5 1145 1146 1211 1210
1385 3 2 5 5 1146 1147 1212 1211
1386 3 2 5 5 1147 1148 1213 1212
1387 3 2 5 5 1148 1149 1214 1213
1388 3 2 5 5 1149 1150 1215 1214
1389 3 2 5 5 1150 1151 1216 1215
1390 3 2 5 5 1151 1152 1217 1216
1391 3 2 5 5 1152 1153 1218 1217
1392 3 2 5 5 1153 1154 1219 1218
1393 3 2 5 5 1154 1155 1220 1219
1394 3 2 5 5 1155 1156 1221 1220
1395 3 2 5 5 1156 1157 1222 1221
1396 3 2 5 5 1157 1158 1223 1222
1397 3 2 5 5 1158 1159 1224 1223
1398 3 2 5 5 1159 1160 1225 1224
1399 3 2 5 5 1160 1161 1226 1225
1400 3 2 5 5 1161 1162 1227 1226
1401 3 2 5 5 1162 1163 1228 1227
1402 3 2 5 5 1163 1164 1229 1228
1403 3 2 5 5 1164 1165 1230 1229
1404 3 2 5 5 1165 1166 1231 1230
1405 3 2 5 5 1166 1167 1232 1231
1406 3 2 5 5 1167 1168 1233 1232
1407 3 2 5 5 1168 1169 1234 1233
1408 3 2 5 5 1169 1170 1235 1234
1409 3 2 5 5 1171 1172 1237 1236
1410 3 2 5 5 1172 1173 1238 1237
1411 3 2 5 5 1173 1174 1239 1238
1412 3 2 5 5 1174 1175 1240 1239
1413 3 2 5 5 1175 1176 1241 1240
1414 3 2 5 5 1176 1177 1242 1241
1415 3 2 5 5 1177 1178 1243 1242
1416 3 2 5 5 1178 1179 1244 1243
1417 3 2 5 5 1179 1180 1245 1244
1418 3 2 5 5 1180 1181 1246 1245
1419 3 2 5 5 1181 1182 1247 1246
1420 3 2 5 5 1182 1183 1248 1247
1421 3 2 5 5 1183 1184 1249 1248
1422 3 2 5 5 1184 1185 1250 1249
1423 3 2 5 5 1185 1186 1251 1250
1424 3 2 5 5 1186 1187 1252 1251
1425 3 2 5 5 1187 1188 1253 1252
1426 3 2 5 5 1188 1189 1254 1253
1427 3 2 5 5 1189 1190 1255 1254
1428 3 2 5 5 1190 1191 1256 1255
1429 3 2 5 5 1191 1192 1257 1256
1430 3 2 5 5 1192 1193 1258 1257
1431 3 2 5 5 1193 1194 1259 1258
1432 3 2 5 5 1194 1195 1260 1259
1433 3 2 5 5 1195 1196 1261 1260
1434 3 2 5 5 1196 1197 1262 1261
1435 3 2 5 5 1197 1198 1263 1262
1436 3 2 5 5 1198 1199 1264 1263
1437 3 2 5 5 1199 1200 1265 1264
1438 3 2 5 5 1200 1201 1266 1265
1439 3 2 5 5 1201 1202 1267 1266
1440 3 2 5 5 1202 1203 1268 1267
1441 3 2 5 5 1203 1204 1269 1268
1442 3 2 5 5 1204 1205 1270 1269
1443 3 2 5 5 1205 1206 1271 1270
1444 3 2 5 5 1206 1207 1272 1271
1445 3 2 5 5 1207 1208 1273 1272
1446 3 2 5 5 1208 1209 1274 1273
1447 3 2 5 5 1209 1210 1275 1274
1448 3 2 5 5 1210 1211 1276 1275
1449 3 2 5 5 1211 1212 1277 1276
1450 3 2 5 5 1212 1213 1278 1277
1451 3 2 5 5 1213 1214 1279 1278
1452 3 2 5 5 1214 1215 1280 1279
1453 3 2 5 5 1215 1216 1281 1280
1454 3 2 5 5 1216 1217 1282 1281
1455 3 2 5 5 1217 1218 1283 1282
1456 3 2 5 5 1218 1219 1284 1283
1457 3 2 5 5 1219 1220 1285 1284
1458 3 2 5 5 1220 1221 1286 1285
1459 3 2 5 5 1221 1222 1287 1286
1460 3 2 5 5 1222 1223 1288 1287
1461 3 2 5 5 1223 1224 1289 1288
1462 3 2 5 5 1224 1225 1290 1289
1463 3 2 5 5 1225 1226 1291 1290
1464 3 2 5 5 1226 1227 1292 1291
1465 3 2 5 5 1227 1228 1293 1292
1466 3 2 5 5 1228 1229 1294 1293
1467 3 2 5 5 1229 1230 1295 1294
1468 3 2 5 5 1230 1231 1296 1295
1469 3 2 5 5 1231 1232 1297 1296
1470 3 2 5 5 1232 1233 1298 1297
1471 3 2 5 5 1233 1234 1299 1298
1472 3 2 5 5 1234 1235 1300 1299
1473 3 2 5 5 1236 1237 1302 1301
1474 3 2 5 5 1237 1238 1303 1302
1475 3 2 5 5 1238 1239 1304 1303
1476 3 2 5 5 1239 1240 1305 1304
1477 3 2 5 5 1240 1241 1306 1305
1478 3 2 5 5 1241 1242 1307 1306
1479 3 2 5 5 1242 1243 1308 1307
1480 3 2 5 5 1243 1244 1309 1308
1481 3 2 5 5 1244 1245 1310 1309
1482 3 2 5 5 1245 1246 1311 1310
1483 3 2 5 5 1246 1247 1312 1311
1484 3 2 5 5 1247 1248 1313 1312
1485 3 2 5 5 1248 1249 1314 1313
1486 3 2 5 5 1249 1250 1315 1314
1487 3 2 5 5 1250 1251 1316 1315
1488 3 2 5 5 1251 1252 1317 1316
1489 3 2 5 5 1252 1253 1318 1317
1490 3 2 5 5 1253 1254 1319 1318
1491 3 2 5 5 1254 1255 1320 1319
1492 3 2 5 5 1255 1256 1321 1320
1493 3 2 5 5 1256 1257 1322 1321
1494 3 2 5 5 1257 1258 1323 1322
1495 3 2 5 5 1258 1259 1324 1323
1496 3 2 5 5 1259 1260 1325 1324
1497 3 2 5 5 1260 1261 1326 1325
1498 3 2 5 5 1261 1262 1327 1326
1499 3 2 5 5 1262 1263 1328 1327
1500 3 2 5 5 1263 1264 1329 1328
1501 3 2 5 5 1264 1265 1330 1329
1502 3 2 5 5 1265 1266 1331 1330
1503 3 2 5 5 1266 1267 1332 1331
1504 3 2 5 5 1267 1268 1333 1332
1505 3 2 5 5 1268 1269 1334 1333
1506 3 2 5 5 1269 1270 1335 1334
1507 3 2 5 5 1270 1271 1336 1335
1508 3 2 5 5 1271 1272 1337 1336
1509 3 2 5 5 1272 1273 1338 1337
1510 3 2 5 5 1273 1274 1339 1338
1511 3 2 5 5 1274 1275 1340 1339
1512 3 2 5 5 1275 1276 1341 1340
1513 3 2 5 5 1276 1277 1342 1341
1514 3 2 5 5 1277 1278 1343 1342
1515 3 2 5 5 1278 1279 1344 1343
1516 3 2 5 5 1279 1280 1345 1344
1517 3 2 5 5 1280 1281 1346 1345
1518 3 2 5 5 1281 1282 1347 1346
1519 3 2 5 5 1282 1283 1348 1347
1520 3 2 5 5 1283 1284 1349 1348
1521 3 2 5 5 1284 1285 1350 1349
1522 3 2 5 5 1285 1286 1351 1350
1523 3 2 5 5 1286 1287 1352 1351
1524 3 2 5 5 1287 1288 1353 1352
1525 3 2 5 5 1288 1289 1354 1353
1526 3 2 5 5 1289 1290 1355 1354
1527 3 2 5 5 1290 1291 1356 1355
1528 3 2 5 5 1291 1292 1357 1356
1529 3 2 5 5 1292 1293 1358 1357
1530 3 2 5 5 1293 1294 1359 1358
1531 3 2 5 5 1294 1295 1360 1359
1532 3 2 5 5 1295 1296 1361 1360
1533 3 2 5 5 1296 1297 1362 1361
1534 3 2 5 5 1297 1298 1363 1362
1535 3 2 5 5 1298 1299 1364 1363
1536 3 2 5 5 1299 1300 1365 1364
1537 3 2 5 5 1301 1302 1367 1366
1538 3 2 5 5 1302 1303 1368 1367
1539 3 2 5 5 1303 1304 1369 1368
1540 3 2 5 5 1304 1305 1370 1369
1541 3 2 5 5 1305 1306 1371 1370
1542 3 2 5 5 1306 1307 1372 1371
1543 3 2 5 5 1307 1308 1373 1372
1544 3 2 5 5 1308 1309 1374 1373
1545 3 2 5 5 1309 1310 1375 1374
1546 3 2 5 5 1310 1311 1376 1375
1547 3 2 5 5 1311 1312 1377 1376
1548 3 2 5 5 1312 1313 1378 1377
1549 3 2 5 5 1313 1314 1379 1378
1550 3 2 5 5 1314 1315 1380 1379
1551 3 2 5 5 1315 1316 1381 1380
1552 3 2 5 5 1316 1317 1382 1381
1553 3 2 5 5 1317 1318 1383 1382
1554 3 2 5 5 1318 1319 1384 1383
1555 3 2 5 5 1319 1320 1385 1384
1556 3 2 5 5 1320 1321 1386 1385
1557 3 2 5 5 1321 1322 1387 1386
1558 3 2 5 5 1322 1323 1388 1387
1559 3 2 5 5 1323 1324 1389 1388
1560 3 2 5 5 1324 1325 1390 1389
1561 3 2 5 5 1325 1326 1391 1390
1562 3 2 5 5 1326 1327 1392 1391
1563 3 2 5 5 1327 1328 1393 1392
1564 3 2 5 5 1328 1329 1394 1393
1565 3 2 5 5 1329 1330 1395 1394
1566 3 2 5 5 1330 1331 1396 1395
1567 3 2 5 5 1331 1332 1397 1396
1568 3 2 5 5 1332 1333 1398 1397
1569 3 2 5 5 1333 1334 1399 1398
1570 3 2 5 5 1334 1335 1400 1399
1571 3 2 5 5 1335 1336 1401 1400
1572 3 2 5 5 1336 1337 1402 1401
1573 3 2 5 5 1337 1338 1403 1402
1574 3 2 5 5 1338 1339 1404 1403
1575 3 2 5 5 1339 1340 1405 1404
1576 3 2 5 5 1340 1341 1406 1405
1577 3 2 5 5 1341 1342 1407 1406
1578 3 2 5 5 1342 1343 1408 1407
1579 3 2 5 5 1343 1344 1409 1408
1580 3 2 5 5 1344 1345 1410 1409
1581 3 2 5 5 1345 1346 1411 1410
1582 3 2 5 5 1346 1347 1412 1411
1583 3 2 5 5 1347 1348 1413 1412
1584 3 2 5 5 1348 1349 1414 1413
1585 3 2 5 5 1349 1350 1415 1414
1586 3 2 5 5 1350 1351 1416 1415
1587 3 2 5 5 1351 1352 1417 1416
1588 3 2 5 5 1352 1353 1418 1417
1589 3 2 5 5 1353 1354 1419 1418
1590 3 2 5 5 1354 1355 1420 1419
1591 3 2 5 5 1355 1356 1421 1420
1592 3 2 5 5 1356 1357 1422 1421
1593 3 2 5 5 1357 1358 1423 1422
1594 3 2 5 5 1358 1359 1424 1423
1595 3 2 5 5 1359 1360 1425 1424
1596 3 2 5 5 1360 1361 1426 1425
1597 3 2 5 5 1361 1362 1427 1426
1598 3 2 5 5 1362 1363 1428 1427
1599 3 2 5 5 1363 1364 1429 1428
1600 3 2 5 5 1364 1365 1430 1429
1601 3 2 5 5 1366 1367 1432 1431
1602 3 2 5 5 1367 1368 1433 1432
1603 3 2 5 5 1368 1369 1434 1433
1604 3 2 5 5 1369 1370 1435 1434
1605 3 2 5 5 1370 1371 1436 1435
1606 3 2 5 5 1371 1372 1437 1436
1607 3 2 5 5 1372 1373 1438 1437
1608 3 2 5 5 1373 1374 1439 1438
1609 3 2 5 5 1374 1375 1440 1439
1610 3 2 5 5 1375 1376 1441 1440
1611 3 2 5 5 1376 1377 1442 1441
1612 3 2 5 5 1377 1378 1443 1442
1613 3 2 5 5 1378 1379 1444 1443
1614 3 2 5 5 1379 1380 1445 1444
1615 3 2 5 5 1380 1381 1446 1445
1616 3 2 5 5 1381 1382 1447 1446
1617 3 2 5 5 1382 1383 1448 1447
1618 3 2 5 5 1383 1384 1449 1448
1619 3 2 5 5 1384 1385 1450 1449
1620 3 2 5 5 1385 1386 1451 1450
1621 3 2 5 5 1386 1387 1452 1451
1622 3 2 5 5 1387 1388 1453 1452
1623 3 2 5 5 1388 1389 1454 1453
1624 3 2 5 5 1389 1390 1455 1454
1625 3 2 5 5 1390 1391 1456 1455
1626 3 2 5 5 1391 1392 1457 1456
1627 3 2 5 5 1392 1393 1458 1457
1628 3 2 5 5 1393 1394 1459 1458
1629 3 2 5 5 1394 1395 1460 1459
1630 3 2 5 5 1395 1396 1461 1460
1631 3 2 5 5 1396 1397 1462 1461
1632 3 2 5 5 1397 1398 1463 1462
1633 3 2 5 5 1398 1399 1464 1463
1634 3 2 5 5 1399 1400 1465 1464
1635 3 2 5 5 1400 1401 1466 1465
1636 3 2 5 5 1401 1402 1467 1466
1637 3 2 5 5 1402 1403 1468 1467
1638 3 2 5 5 1403 1404 1469 1468
1639 3 2 5 5 1404 1405 1470 1469
1640 3 2 5 5 1405 1406 1471 1470
1641 3 2 5 5 1406 1407 1472 1471
1642 3 2 5 5 1407 1408 1473 1472
1643 3 2 5 5 1408 1409 1474 1473
1644 3 2 5 5 1409 1410 1475 1474
1645 3 2 5 5 1410 1411 1476 1475
1646 3 2 5 5 1411 1412 1477 1476
1647 3 2 5 5 1412 1413 1478 1477
1648 3 2 5 5 1413 1414 1479 1478
1649 3 2 5 5 1414 1415 1480 1479
1650 3 2 5 5 1415 1416 1481 1480
1651 3 2 5 5 1416 1417 1482 1481
1652 3 2 5 5 1417 1418 1483 1482
1653 3 2 5 5 1418 1419 1484 1483
1654 3 2 5 5 1419 1420 1485 1484
1655 3 2 5 5 1420 1421 1486 1485
1656 3 2 5 5 1421 1422 1487 1486
1657 3 2 5 5 1422 1423 1488 1487
1658 3 2 5 5 1423 1424 1489 1488
1659 3 2 5 5 1424 1425 1490 1489
1660 3 2 5 5 1425 1426 1491 1490
1661 3 2 5 5 1426 1427 1492 1491
1662 3 2 5 5 1427 1428 1493 1492
1663 3 2 5 5 1428 1429 1494 1493
1664 3 2 5 5 1429 1430 1495 1494
1665 3 2 5 5 1431 1432 1497 1496
1666 3 2 5 5 1432 1433 1498 1497
1667 3 2 5 5 1433 1434 1499 1498
1668 3 2 5 5 1434 1435 1500 1499
1669 3 2 5 5 1435 1436 1501 1500
1670 3 2 5 5 1436 1437 1502 1501
1671 3 2 5 5 1437 1438 1503 1502
1672 3 2 5 5 1438 1439 1504 1503
1673 3 2 5 5 1439 1440 1505 1504
1674 3 2 5 5 1440 1441 1506 1505
1675 3 2 5 5 1441 1442 1507 1506
1676 3 2 5 5 1442 1443 1508 1507
1677 3 2 5 5 1443 1444 1509 1508
1678 3 2 5 5 1444 1445 1510 1509
1679 3 2 5 5 1445 1446 1511 1510
1680 3 2 5 5 1446 1447 1512 1511
1681 3 2 5 5 1447 1448 1513 1512
1682 3 2 5 5 1448 1449 1514 1513
1683 3 2 5 5 1449 1450 1515 1514
1684 3 2 5 5 1450 1451 1516 1515
1685 3 2 5 5 1451 1452 1517 1516
1686 3 2 5 5 1452 1453 1518 1517
1687 3 2 5 5 1453 1454 1519 1518
1688 3 2 5 5 1454 1455 1520 1519
1689 3 2 5 5 1455 1456 1521 1520
1690 3 2 5 5 1456 1457 1522 1521
1691 3 2 5 5 1457 1458 1523 1522
1692 3 2 5 5 1458 1459 1524 1523
1693 3 2 5 5 1459 1460 1525 1524
1694 3 2 5 5 1460 1461 1526 1525
1695 3 2 5 5 1461 1462 1527 1526
1696 3 2 5 5 1462 1463 1528 1527
1697 3 2 5 5 1463 1464 1529 1528
1698 3 2 5 5 1464 1465 1530 1529
1699 3 2 5 5 1465 1466 1531 1530
1700 3 2 5 5 1466 1467 1532 1531
1701 3 2 5 5 1467 1468 1533 1532
1702 3 2 5 5 1468 1469 1534 1533
1703 3 2 5 5 1469 1470 1535 1534
1704 3 2 5 5 1470 1471 1536 1535
1705 3 2 5 5 1471 1472 1537 1536
1706 3 2 5 5 1472 1473 1538 1537
1707 3 2 5 5 1473 1474 1539 1538
1708 3 2 5 5 1474 1475 1540 1539
1709 3 2 5 5 1475 1476 1541 1540
1710 3 2 5 5 1476 1477 1542 1541
1711 3 2 5 5 1477 1478 1543 1542
1712 3 2 5 5 1478 1479 1544 1543
1713 3 2 5 5 1479 1480 1545 1544
1714 3 2 5 5 1480 1481 1546 1545
1715 3 2 5 5 1481 1482 1547 1546
1716 3 2 5 5 1482 1483 1548 1547
1717 3 2 5 5 1483 1484 1549 1548
1718 3 2 5 5 1484 1485 1550 1549
1719 3 2 5 5 1485 1486 1551 1550
1720 3 2 5 5 1486 1487 1552 1551
1721 3 2 5 5 1487 1488 1553 1552
1722 3 2 5 5 1488 1489 1554 1553
1723 3 2 5 5 1489 1490 1555 1554
1724 3 2 5 5 1490 1491 1556 1555
1725 3 2 5 5 1491 1492 1557 1556
1726 3 2 5 5 1492 1493 1558 1557
1727 3 2 5 5 1493 1494 1559 1558
1728 3 2 5 5 1494 1495 1560 1559
1729 3 2 5 5 1496 1497 1562 1561
1730 3 2 5 5 1497 1498 1563 1562
1731 3 2 5 5 1498 1499 1564 1563
1732 3 2 5 5 1499 1500 1565 1564
1733 3 2 5 5 1500 1501 1566 1565
1734 3 2 5 5 1501 1502 1567 1566
1735 3 2 5 5 1502 1503 1568 1567
1736 3 2 5 5 1503 1504 1569 1568
1737 3 2 5 5 1504 1505 1570 1569
1738 3 2 5 5 1505 1506 1571 1570
1739 3 2 5 5 1506 1507 1572 1571
1740 3 2 5 5 1507 1508 1573 1572
1741 3 2 5 5 1508 1509 1574 1573
1742 3 2 5 5 1509 1510 1575 1574
1743 3 2 5 5 1510 1511 1576 1575
1744 3 2 5 5 1511 1512 1577 1576
1745 3 2 5 5 1512 1513 1578 1577
1746 3 2 5 5 1513 1514 1579 1578
1747 3 2 5 5 1514 1515 1580 1579
1748 3 2 5 5 1515 1516 1581 1580
1749 3 2 5 5 1516 1517 1582 1581
1750 3 2 5 5 1517 1518 1583 1582
1751 3 2 5 5 1518 1519 1584 1583
1752 3 2 5 5 1519 1520 1585 1584
1753 3 2 5 5 1520 1521 1586 1585
1754 3 2 5 5 1521 1522 1587 1586
1755 3 2 5 5 1522 1523 1588 1587
1756 3 2 5 5 1523 1524 1589 1588
1757 3 2 5 5 1524 1525 1590 1589
1758 3 2 5 5 1525 1526 1591 1590
1759 3 2 5 5 1526 1527 1592 1591
1760 3 2 5 5 1527 1528 1593 1592
1761 3 2 5 5 1528 1529 1594 1593
1762 3 2 5 5 1529 1530 1595 1594
1763 3 2 5 5 1530 1531 1596 1595
1764 3 2 5 5 1531 1532 1597 1596
1765 3 2 5 5 1532 1533 1598 1597
1766 3 2 5 5 1533 1534 1599 1598
1767 3 2 5 5 1534 1535 1600 1599
1768 3 2 5 5 1535 1536 1601 1600
1769 3 2 5 5 1536 1537 1602 1601
1770 3 2 5 5 1537 1538 1603 1602
1771 3 2 5 5 1538 1539 1604 1603
1772 3 2 5 5 1539 1540 1605 1604
1773 3 2 5 5 1540 1541 1606 1605
1774 3 2 5 5 1541 1542 1607 1606
1775 3 2 5 5 1542 1543 1608 1607
1776 3 2 5 5 1543 1544 1609 1608
1777 3 2 5 5 1544 1545 1610 1609
1778 3 2 5 5 1545 1546 1611 1610
1779 3 2 5 5 1546 1547 1612 1611
1780 3 2 5 5 1547 1548 1613 1612
1781 3 2 5 5 1548 1549 1614 1613
1782 3 2 5 5 1549 1550 1615 1614
1783 3 2 5 5 1550 1551 1616 1615
1784 3 2 5 5 1551 1552 1617 1616
1785 3 2 5 5 1552 1553 1618 1617
1786 3 2 5 5 1553 1554 1619 1618
1787 3 2 5 5 1554 1555 1620 1619
1788 3 2 5 5 1555 1556 1621 1620
1789 3 2 5 5 1556 1557 1622 1621
1790 3 2 5 5 1557 1558 1623 1622
1791 3 2 5 5 1558 1559 1624 1623
1792 3 2 5 5 1559 1560 1625 1624
1793 3 2 5 5 1561 1562 1627 1626
1794 3 2 5 5 1562 1563 1628 1627
1795 3 2 5 5 1563 1564 1629 1628
1796 3 2 5 5 1564 1565 1630 1629
1797 3 2 5 5 1565 1566 1631 1630
1798 3 2 5 5 1566 1567 1632 1631
1799 3 2 5 5 1567 1568 1633 1632
1800 3 2 5 5 1568 1569 1634 1633
1801 3 2 5 5 1569 1570 1635 1634
1802 3 2 5 5 1570 1571 1636 1635
1803 3 2 5 5 1571 1572 1637 1636
1804 3 2 5 5 1572 1573 1638 1637
1805 3 2 5 5 1573 1574 1639 1638
1806 3 2 5 5 1574 1575 1640 1639
1807 3 2 5 5 1575 1576 1641 1640
1808 3 2 5 5 1576 1577 1642 1641
1809 3 2 5 5 1577 1578 1643 1642
1810 3 2 5 5 1578 1579 1644 1643
1811 3 2 5 5 1579 1580 1645 1644
1812 3 2 5 5 1580 1581 1646 1645
1813 3 2 5 5 1581 1582 1647 1646
1814 3 2 5 5 1582 1583 1648 1647
1815 3 2 5 5 1583 1584 1649 1648
1816 3 2 5 5 1584 1585 1650 1649
1817 3 2 5 5 1585 1586 1651 1650
1818 3 2 5 5 1586 1587 1652 1651
1819 3 2 5 5 1587 1588 1653 1652
1820 3 2 5 5 1588 1589 1654 1653
1821 3 2 5 5 1589 1590 1655 1654
1822 3 2 5 5 1590 1591 1656 1655
1823 3 2 5 5 1591 1592 1657 1656
1824 3 2 5 5 1592 1593 1658 1657
1825 3 2 5 5 1593 1594 1659 1658
1826 3 2 5 5 1594 1595 1660 1659
1827 3 2 5 5 1595 1596 1661 1660
1828 3 2 5 5 1596 1597 1662 1661
1829 3 2 5 5 1597 1598 1663 1662
1830 3 2 5 5 1598 1599 1664 1663
1831 3 2 5 5 1599 1600 1665 1664
1832 3 2 5 5 1600 1601 1666 1665
1833 3 2 5 5 1601 1602 1667 1666
1834 3 2 5 5 1602 1603 1668 1667
1835 3 2 5 5 1603 1604 1669 1668
1836 3 2 5 5 1604 1605 1670 1669
1837 3 2 5 5 1605 1606 1671 1670
1838 3 2 5 5 1606 1607 1672 1671
1839 3 2 5 5 1607 1608 1673 1672
1840 3 2 5 5 1608 1609 1674 1673
1841 3 2 5 5 1609 1610 1675 1674
1842 3 2 5 5 1610 1611 1676 1675
1843 3 2 5 5 1611 1612 1677 1676
1844 3 2 5 5 1612 1613 1678 1677
1845 3 2 5 5 1613 1614 1679 1678
1846 3 2 5 5 1614 1615 1680 1679
1847 3 2 5 5 1615 1616 1681 1680
1848 3 2 5 5 1616 1617 1682 1681
1849 3 2 5 5 1617 1618 1683 1682
1850 3 2 5 5 1618 1619 1684 1683
1851 3 2 5 5 1619 1620 1685 1684
1852 3 2 5 5 1620 1621 1686 1685
1853 3 2 5 5 1621 1622 1687 1686
1854 3 2 5 5 1622 1623 1688 1687
1855 3 2 5 5 1623 1624 1689 1688
1856 3 2 5 5 1624 1625 1690 1689
1857 3 2 5 5 1626 1627 1692 1691
1858 3 2 5 5 1627 1628 1693 1692
1859 3 2 5 5 1628 1629 1694 1693
1860 3 2 5 5 1629 1630 1695 1694
1861 3 2 5 5 1630 1631 1696 1695
1862 3 2 5 5 1631 1632 1697 1696
1863 3 2 5 5 1632 1633 1698 1697
1864 3 2 5 5 1633 1634 1699 1698
1865 3 2 5 5 1634 1635 1700 1699
1866 3 2 5 5 1635 1636 1701 1700
1867 3 2 5 5 1636 1637 1702 1701
1868 3 2 5 5 1637 1638 1703 1702
1869 3 2 5 5 1638 1639 1704 1703
1870 3 2 5 5 1639 1640 1705 1704
1871 3 2 5 5 1640 1641 1706 1705
1872 3 2 5 5 1641 1642 1707 1706
1873 3 2 5 5 1642 1643 1708 1707
1874 3 2 5 5 1643 1644 1709 1708
1875 3 2 5 5 1644 1645 1710 1709
1876 3 2 5 5 1645 1646 1711 1710
1877 3 2 5 5 1646 1647 1712 1711
1878 3 2 5 5 1647 1648 1713 1712
1879 3 2 5 5 1648 1649 1714 1713
1880 3 2 5 5 1649 1650 1715 1714
1881 3 2 5 5 1650 1651 1716 1715
1882 3 2 5 5 1651 1652 1717 1716
1883 3 2 5 5 1652 1653 1718 1717
1884 3 2 5 5 1653 1654 1719 1718
1885 3 2 5 5 1654 1655 1720 1719
1886 3 2 5 5 1655 1656 1721 1720
1887 3 2 5 5 1656 1657 1722 1721
1888 3 2 5 5 1657 1658 1723 1722
1889 3 2 5 5 1658 1659 1724 1723
1890 3 2 5 5 1659 1660 1725 1724
1891 3 2 5 5 1660 1661 1726 1725
1892 3 2 5 5 1661 1662 1727 1726
1893 3 2 5 5 1662 1663 1728 1727
1894 3 2 5 5 1663 1664 1729 1728
1895 3 2 5 5 1664 1665 1730 1729
1896 3 2 5 5 1665 1666 1731 1730
1897 3 2 5 5 1666 1667 1732 1731
1898 3 2 5 5 1667 1668 1733 1732
1899 3 2 5 5 1668 1669 1734 1733
1900 3 2 5 5 1669 1670 1735 1734
1901 3 2 5 5 1670 1671 1736 1735
1902 3 2 5 5 1671 1672 1737 1736
1903 3 2 5 5 1672 1673 1738 1737
1904 3 2 5 5 1673 1674 1739 1738
1905 3 2 5 5 1674 1675 1740 1739
1906 3 2 5 5 1675 1676 1741 1740
1907 3 2 5 5 1676 1677 1742 1741
1908 3 2 5 5 1677 1678 1743 1742
1909 3 2 5 5 1678 1679 1744 1743
1910 3 2 5 5 1679 1680 1745 1744
1911 3 2 5 5 1680 1681 1746 1745
1912 3 2 5 5 1681 1682 1747 1746
1913 3 2 5 5 1682 1683 1748 1747
1914 3 2 5 5 1683 1684 1749 1748
1915 3 2 5 5 1684 1685 1750 1749
1916 3 2 5 5 1685 1686 1751 1750
1917 3 2 5 5 1686 1687 1752 1751
1918 3 2 5 5 1687 1688 1753 1752
1919 3 2 5 5 1688 1689 1754 1753
1920 3 2 5 5 1689 1690 1755 1754
1921 3 2 5 5 1691 1692 1757 1756
1922 3 2 5 5 1692 1693 1758 1757
1923 3 2 5 5 1693 1694 1759 1758
1924 3 2 5 5 1694 1695 1760 1759
1925 3 2 5 5 1695 1696 1761 1760
1926 3 2 5 5 1696 1697 1762 1761
1927 3 2 5 5 1697 1698 1763 1762
1928 3 2 5 5 1698 1699 1764 1763
1929 3 2 5 5 1699 1700 1765 1764
1930 3 2 5 5 1700 1701 1766 1765
1931 3 2 5 5 1701 1702 1767 1766
1932 3 2 5 5 1702 1703 1768 1767
1933 3 2 5 5 1703 1704 1769 1768
1934 3 2 5 5 1704 1705 1770 1769
1935 3 2 5 5 1705 1706 1771 1770
1936 3 2 5 5 1706 1707 1772 1771
1937 3 2 5 5 1707 1708 1773 1772
1938 3 2 5 5 1708 1709 1774 1773
1939 3 2 5 5 1709 1710 1775 1774
1940 3 2 5 5 1710 1711 1776 1775
1941 3 2 5 5 1711 1712 1777 1776
1942 3 2 5 5 1712 1713 1778 1777
1943 3 2 5 5 1713 1714 1779 1778
1944 3 2 5 5 1714 1715 1780 1779
1945 3 2 5 5 1715 1716 1781 1780
1946 3 2 5 5 1716 1717 1782 1781
1947 3 2 5 5 1717 1718 1783 1782
1948 3 2 5 5 1718 1719 1784 1783
1949 3 2 5 5 1719 1720 1785 1784
1950 3 2 5 5 1720 1721 1786 1785
1951 3 2 5 5 1721 1722 1787 1786
1952 3 2 5 5 1722 1723 1788 1787
1953 3 2 5 5 1723 1724 1789 1788
1954 3 2 5 5 1724 1725 1790 1789
1955 3 2 5 5 1725 1726 1791 1790
1956 3 2 5 5 1726 1727 1792 1791
1957 3 2 5 5 1727 1728 1793 1792
1958 3 2 5 5 1728 1729 1794 1793
1959 3 2 5 5 1729 1730 1795 1794
1960 3 2 5 5 1730 1731 1796 1795
1961 3 2 5 5 1731 1732 1797 1796
1962 3 2 5 5 1732 1733 1798 1797
1963 3 2 5 5 1733 1734 1799 1798
1964 3 2 5 5 1734 1735 1800 1799
1965 3 2 5 5 1735 1736 1801 1800
1966 3 2 5 5 1736 1737 1802 1801
1967 3 2 5 5 1737 1738 1803 1802
1968 3 2 5 5 1738 1739 1804 1803
1969 3 2 5 5 1739 1740 1805 1804
1970 3 2 5 5 1740 1741 1806 1805
1971 3 2 5 5 1741 1742 1807 1806
1972 3 2 5 5 1742 1743 1808 1807
1973 3 2 5 5 1743 1744 1809 1808
1974 3 2 5 5 1744 1745 1810 1809
1975 3 2 5 5 1745 1746 1811 1810
1976 3 2 5 5 1746 1747 1812 1811
1977 3 2 5 5 1747 1748 1813 1812
1978 3 2 5 5 1748 1749 1814 1813
1979 3 2 5 5 1749 1750 1815 1814
1980 3 2 5 5 1750 1751 1816 1815
1981 3 2 5 5 1751 1752 1817 1816
1982 3 2 5 5 1752 1753 1818 1817
1983 3 2 5 5 1753 1754 1819 1818
1984 3 2 5 5 1754 1755 1820 1819
1985 3 2 5 5 1756 1757 1822 1821
1986 3 2 5 5 1757 1758 1823 1822
1987 3 2 5 5 1758 1759 1824 1823
1988 3 2 5 5 1759 1760 1825 1824
1989 3 2 5 5 1760 1761 1826 1825
1990 3 2 5 5 1761 1762 1827 1826
1991 3 2 5 5 1762 1763 1828 1827
1992 3 2 5 5 1763 1764 1829 1828
1993 3 2 5 5 1764 1765 1830 1829
1994 3 2 5 5 1765 1766 1831 1830
1995 3 2 5 5 1766 1767 1832 1831
1996 3 2 5 5 1767 1768 1833 1832
1997 3 2 5 5 1768 1769 1834 1833
1998 3 2 5 5 1769 1770 1835 1834
1999 3 2 5 5 1770 1771 1836 1835
2000 3 2 5 5 1771 1772 1837 1836
2001 3 2 5 5 1772 1773 1838 1837
2002 3 2 5 5 1773 1774 1839 1838
2003 3 2 5 5 1774 1775 1840 1839
2004 3 2 5 5 1775 1776 1841 1840
2005 3 2 5 5 1776 1777 1842 1841
2006 3 2 5 5 1777 1778 1843 1842
2007 3 2 5 5 1778 1779 1844 1843
2008 3 2 5 5 1779 1780 1845 1844
2009 3 2 5 5 1780 1781 1846 1845
2010 3 2 5 5 1781 1782 1847 1846
2011 3 2 5 5 1782 1783 1848 1847
2012 3 2 5 5 1783 1784 1849 1848
2013 3 2 5 5 1784 1785 1850 1849
2014 3 2 5 5 1785 1786 1851 1850
2015 3 2 5 5 1786 1787 1852 1851
2016 3 2 5 5 1787 1788 1853 1852
2017 3 2 5 5 1788 1789 1854 1853
2018 3 2 5 5 1789 1790 1855 1854
2019 3 2 5 5 1790 1791 1856 1855
2020 3 2 5 5 1791 1792 1857 1856
2021 3 2 5 5 1792 1793 1858 1857
2022 3 2 5 5 1793 1794 1859 1858
2023 3 2 5 5 1794 1795 1860 1859
2024 3 2 5 5 1795 1796 1861 1860
2025 3 2 5 5 1796 1797 1862 1861
2026 3 2 5 5 1797 1798 1863 1862
2027 3 2 5 5 1798 1799 1864 1863
2028 3 2 5 5 1799 1800 1865 1864
2029 3 2 5 5 1800 1801 1866 1865
2030 3 2 5 5 1801 1802 1867 1866
2031 3 2 5 5 1802 1803 1868 1867
2032 3 2 5 5 1803 1804 1869 1868
2033 3 2 5 5 1804 1805 1870 1869
2034 3 2 5 5 1805 1806 1871 1870
2035 3 2 5 5 1806 1807 1872 1871
2036 3 2 5 5 1807 1808 1873 1872
2037 3 2 5 5 1808 1809 1874 1873
2038 3 2 5 5 1809 1810 1875 1874
2039 3 2 5 5 1810 1811 1876 1875
2040 3 2 5 5 1811 1812 1877 1876
2041 3 2 5 5 1812 1813 1878 1877
2042 3 2 5 5 1813 1814 1879 1878
2043 3 2 5 5 1814 1815 1880 1879
2044 3 2 5 5 1815 1816 1881 1880
2045 3 2 5 5 1816 1817 1882 1881
2046 3 2 5 5 1817 1818 1883 1882
2047 3 2 5 5 1818 1819 1884 1883
2048 3 2 5 5 1819 1820 1885 1884
2049 3 2 5 5 1821 1822 1887 1886
2050 3 2 5 5 1822 1823 1888 1887
2051 3 2 5 5 1823 1824 1889 1888
2052 3 2 5 5 1824 1825 1890 1889
2053 3 2 5 5 1825 1826 1891 1890
2054 3 2 5 5 1826 1827 1892 1891
2055 3 2 5 5 1827 1828 1893 1892
2056 3 2 5 5 1828 1829 1894 1893
2057 3 2 5 5 1829 1830 1895 1894
2058 3 2 5 5 1830 1831 1896 1895
2059 3 2 5 5 1831 1832 1897 1896
2060 3 2 5 5 1832 1833 1898 1897
2061 3 2 5 5 1833 1834 1899 1898
2062 3 2 5 5 1834 1835 1900 1899
2063 3 2 5 5 1835 1836 1901 1900
2064 3 2 5 5 1836 1837 1902 1901
2065 3 2 5 5 1837 1838 1903 1902
2066 3 2 5 5 1838 1839 1904 1903
2067 3 2 5 5 1839 1840 1905 1904
2068 3 2 5 5 1840 1841 1906 1905
2069 3 2 5 5 1841 1842 1907 1906
2070 3 2 5 5 1842 1843 1908 1907
2071 3 2 5 5 1843 1844 1909 1908
2072 3 2 5 5 1844 1845 1910 1909
2073 3 2 5 5 1845 1846 1911 1910
2074 3 2 5 5 1846 1847 1912 1911
2075 3 2 5 5 1847 1848 1913 1912
2076 3 2 5 5 1848 1849 1914 1913
2077 3 2 5 5 1849 1850 1915 1914
2078 3 2 5 5 1850 1851 1916 1915
2079 3 2 5 5 1851 1852 1917 1916
2080 3 2 5 5 1852 1853 1918 1917
2081 3 2 5 5 1853 1854 1919 1918
2082 3 2 5 5 1854 1855 1920 1919
2083 3 2 5 5 1855 1856 1921 1920
2084 3 2 5 5 1856 1857 1922 1921
2085 3 2 5 5 1857 1858 1923 1922
2086 3 2 5 5 1858 1859 1924 1923
2087 3 2 5 5 1859 1860 1925 1924
2088 3 2 5 5 1860 1861 1926 1925
2089 3 2 5 5 1861 1862 1927 1926
2090 3 2 5 5 1862 1863 1928 1927
2091 3 2 5 5 1863 1864 1929 1928
2092 3 2 5 5 1864 1865 1930 1929
2093 3 2 5 5 1865 1866 1931 1930
2094 3 2 5 5 1866 1867 1932 1931
2095 3 2 5 5 1867 1868 1933 1932
2096 3 2 5 5 1868 1869 1934 1933
2097 3 2 5 5 1869 1870 1935 1934
2098 3 2 5 5 1870 1871 1936 1935
2099 3 2 5 5 1871 1872 1937 1936
2100 3 2 5 5 1872 1873 1938 1937
2101 3 2 5 5 1873 1874 1939 1938
2102 3 2 5 5 1874 1875 1940 1939
2103 3 2 5 5 1875 1876 1941 1940
2104 3 2 5 5 1876 1877 1942 1941
2105 3 2 5 5 1877 1878 1943 1942
2106 3 2 5 5 1878 1879 1944 1943
2107 3 2 5 5 1879 1880 1945 1944
2108 3 2 5 5 1880 1881 1946 1945
2109 3 2 5 5 1881 1882 1947 1946
2110 3 2 5 5 1882 1883 1948 1947
2111 3 2 5 5 1883 1884 1949 1948
2112 3 2 5 5 1884 1885 1950 1949
2113 3 2 5 5 1886 1887 1952 1951
2114 3 2 5 5 1887 1888 1953 1952
2115 3 2 5 5 1888 1889 1954 1953
2116 3 2 5 5 1889 1890 1955 1954
2117 3 2 5 5 1890 1891 1956 1955
2118 3 2 5 5 1891 1892 1957 1956
2119 3 2 5 5 1892 1893 1958 1957
2120 3 2 5 5 1893 1894 1959 1958
2121 3 2 5 5 1894 1895 1960 1959
2122 3 2 5 5 1895 1896 1961 1960
2123 3 2 5 5 1896 1897 1962 1961
2124 3 2 5 5 1897 1898 1963 1962
2125 3 2 5 5 1898 1899 1964 1963
2126 3 2 5 5 1899 1900 1965 1964
2127 3 2 5 5 1900 1901 1966 1965
2128 3 2 5 5 1901 1902 1967 1966
2129 3 2 5 5 1902 1903 1968 1967
2130 3 2 5 5 1903 1904 1969 1968
2131 3 2 5 5 1904 1905 1970 1969
2132 3 2 5 5 1905 1906 1971 1970
2133 3 2 5 5 1906 1907 1972 1971
2134 3 2 5 5 1907 1908 1973 1972
2135 3 2 5 5 1908 1909 1974 1973
2136 3 2 5 5 1909 1910 1975 1974
2137 3 2 5 5 1910 1911 1976 1975
2138 3 2 5 5 1911 1912 1977 1976
2139 3 2 5 5 1912 1913 1978 1977
2140 3 2 5 5 1913 1914 1979 1978
2141 3 2 5 5 1914 1915 1980 1979
2142 3 2 5 5 1915 1916 1981 1980
2143 3 2 5 5 1916 1917 1982 1981
2144 3 2 5 5 1917 1918 1983 1982
2145 3 2 5 5 1918 1919 1984 1983
2146 3 2 5 5 1919 1920 1985 1984
2147 3 2 5 5 1920 1921 1986 1985
2148 3 2 5 5 1921 1922 1987 1986
2149 3 2 5 5 1922 1923 1988 1987
2150 3 2 5 5 1923 1924 1989 1988
2151 3 2 5 5 1924 1925 1990 1989
2152 3 2 5 5 1925 1926 1991 1990
2153 3 2 5 5 1926 1927 1992 1991
2154 3 2 5 5 1927 1928 1993 1992
2155 3 2 5 5 1928 1929 1994 1993
2156 3 2 5 5 1929 1930 1995 1994
2157 3 2 5 5 1930 1931 1996 1995
2158 3 2 5 5 1931 1932 1997 1996
2159 3 2 5 5 1932 1933 1998 1997
2160 3 2 5 5 1933 1934 1999 1998
2161 3 2 5 5 1934 1935 2000 1999
2162 3 2 5 5 1935 1936 2001 2000
2163 3 2 5 5 1936 1937 2002 2001
2164 3 2 5 5 1937 1938 2003 2002
2165 3 2 5 5 1938 1939 2004 2003
2166 3 2 5 5 1939 1940 2005 2004
2167 3 2 5 5 1940 1941 2006 2005
2168 3 2 5 5 1941 1942 2007 2006
2169 3 2 5 5 1942 1943 2008 2007
2170 3 2 5 5 1943 1944 2009 2008
2171 3 2 5 5 1944 1945 2010 2009
2172 3 2 5 5 1945 1946 2011 2010
2173 3 2 5 5 1946 1947 2012 2011
2174 3 2 5 5 1947 1948 2013 2012
2175 3 2 5 5 1948 1949 2014 2013
2176 3 2 5 5 1949 1950 2015 2014
2177 3 2 5 5 1951 1952 2017 2016
2178 3 2 5 5 1952 1953 2018 2017
2179 3 2 5 5 1953 1954 2019 2018
2180 3 2 5 5 1954 1955 2020 2019
2181 3 2 5 5 1955 1956 2021 2020
2182 3 2 5 5 1956 1957 2022 2021
2183 3 2 5 5 1957 1958 2023 2022
2184 3 2 5 5 1958 1959 2024 2023
2185 3 2 5 5 1959 1960 2025 2024
2186 3 2 5 5 1960 1961 2026 2025
2187 3 2 5 5 1961 1962 2027 2026
2188 3 2 5 5 1962 1963 2028 2027
2189 3 2 5 5 1963 1964 2029 2028
2190 3 2 5 5 1964 1965 2030 2029
2191 3 2 5 5 1965 1966 2031 2030
2192 3 2 5 5 1966 1967 2032 2031
2193 3 2 5 5 1967 1968 2033 2032
2194 3 2 5 5 1968 1969 2034 2033
2195 3 2 5 5 1969 1970 2035 2034
2196 3 2 5 5 1970 1971 2036 2035
2197 3 2 5 5 1971 1972 2037 2036
2198 3 2 5 5 1972 1973 2038 2037
2199 3 2 5 5 1973 1974 2039 2038
2200 3 2 5 5 1974 1975 2040 2039
2201 3 2 5 5 1975 1976 2041 2040
2202 3 2 5 5 1976 1977 2042 2041
2203 3 2 5 5 1977 1978 2043 2042
2204 3 2 5 5 1978 1979 2044 2043
2205 3 2 5 5 1979 1980 2045 2044
2206 3 2 5 5 1980 1981 2046 2045
2207 3 2 5 5 1981 1982 2047 2046
2208 3 2 5 5 1982 1983 2048 2047
2209 3 2 5 5 1983 1984 2049 2048
2210 3 2 5 5 1984 1985 2050 2049
2211 3 2 5 5 1985 1986 2051 2050
2212 3 2 5 5 1986 1987 2052 2051
2213 3 2 5 5 1987 1988 2053 2052
2214 3 2 5 5 1988 1989 2054 2053
2215 3 2 5 5 1989 1990 2055 2054
2216 3 2 5 5 1990 1991 2056 2055
2217 3 2 5 5 1991 1992 2057 2056
2218 3 2 5 5 1992 1993 2058 2057
2219 3 2 5 5 1993 1994 2059 2058
2220 3 2 5 5 1994 1995 2060 2059
2221 3 2 5 5 1995 1996 2061 2060
2222 3 2 5 5 1996 1997 2062 2061
2223 3 2 5 5 1997 1998 2063 2062
2224 3 2 5 5 1998 1999 2064 2063
2225 3 2 5 5 1999 2000 2065 2064
2226 3 2 5 5 2000 2001 2066 2065
2227 3 2 5 5 2001 2002 2067 2066
2228 3 2 5 5 2002 2003 2068 2067
2229 3 2 5 5 2003 2004 2069 2068
2230 3 2 5 5 2004 2005 2070 2069
2231 3 2 5 5 2005 2006 2071 2070
2232 3 2 5 5 2006 2007 2072 2071
2233 3 2 5 5 2007 2008 2073 2072
2234 3 2 5 5 2008 2009 2074 2073
2235 3 2 5 5 2009 2010 2075 2074
2236 3 2 5 5 2010 2011 2076 2075
2237 3 2 5 5 2011 2012 2077 2076
2238 3 2 5 5 2012 2013 2078 2077
2239 3 2 5 5 2013 2014 2079 2078
2240 3 2 5 5 2014 2015 2080 2079
2241 3 2 5 5 2016 2017 2082 2081
2242 3 2 5 5 2017 2018 2083 2082
2243 3 2 5 5 2018 2019 2084 2083
2244 3 2 5 5 2019 2020 2085 2084
2245 3 2 5 5 2020 2021 2086 2085
2246 3 2 5 5 2021 2022 2087 2086
2247 3 2 5 5 2022 2023 2088 2087
2248 3 2 5 5 2023 2024 2089 2088
2249 3 2 5 5 2024 2025 2090 2089
2250 3 2 5 5 2025 2026 2091 2090
2251 3 2 5 5 2026 2027 2092 2091
2252 3 2 5 5 2027 2028 2093 2092
2253 3 2 5 5 2028 2029 2094 2093
2254 3 2 5 5 2029 2030 2095 2094
2255 3 2 5 5 2030 2031 2096 2095
2256 3 2 5 5 2031 2032 2097 2096
2257 3 2 5 5 2032 2033 2098 2097
2258 3 2 5 5 2033 2034 2099 2098
2259 3 2 5 5 2034 2035 2100 2099
2260 3 2 5 5 2035 2036 2101 2100
2261 3 2 5 5 2036 2037 2102 2101
2262 3 2 5 5 2037 2038 2103 2102
2263 3 2 5 5 2038 2039 2104 2103
2264 3 2 5 5 2039 2040 2105 2104
2265 3 2 5 5 2040 2041 2106 2105
2266 3 2 5 5 2041 2042 2107 2106
2267 3 2 5 5 2042 2043 2108 2107
2268 3 2 5 5 2043 2044 2109 2108
2269 3 2 5 5 2044 2045 2110 2109
2270 3 2 5 5 2045 2046 2111 2110
2271 3 2 5 5 2046 2047 2112 2111
2272 3 2 5 5 2047 2048 2113 2112
2273 3 2 5 5 2048 2049 2114 2113
2274 3 2 5 5 2049 2050 2115 2114
2275 3 2 5 5 2050 2051 2116 2115
2276 3 2 5 5 2051 2052 2117 2116
2277 3 2 5 5 2052 2053 2118 2117
2278 3 2 5 5 2053 2054 2119 2118
2279 3 2 5 5 2054 2055 2120 2119
2280 3 2 5 5 2055 2056 2121 2120
2281 3 2 5 5 2056 2057 2122 2121
2282 3 2 5 5 2057 2058 2123 2122
2283 3 2 5 5 2058 2059 2124 2123
2284 3 2 5 5 2059 2060 2125 2124
2285 3 2 5 5 2060 2061 2126 2125
2286 3 2 5 5 2061 2062 2127 2126
2287 3 2 5 5 2062 2063 2128 2127
2288 3 2 5 5 2063 2064 2129 2128
2289 3 2 5 5 2064 2065 2130 2129
2290 3 2 5 5 2065 2066 2131 2130
2291 3 2 5 5 2066 2067 2132 2131
2292 3 2 5 5 2067 2068 2133 2132
2293 3 2 5 5 2068 2069 2134 2133
2294 3 2 5 5 2069 2070 2135 2134
2295 3 2 5 5 2070 2071 2136 2135
2296 3 2 5 5 2071 2072 2137 2136
2297 3 2 5 5 2072 2073 2138 2137
2298 3 2 5 5 2073 2074 2139 2138
2299 3 2 5 5 2074 2075 2140 2139
2300 3 2 5 5 2075 2076 2141 2140
2301 3 2 5 5 2076 2077 2142 2141
2302 3 2 5 5 2077 2078 2143 2142
2303 3 2 5 5 2078 2079 2144 2143
2304 3 2 5 5 2079 2080 2145 2144
2305 3 2 5 5 2081 2082 2147 2146
2306 3 2 5 5 2082 2083 2148 2147
2307 3 2 5 5 2083 2084 2149 2148
2308 3 2 5 5 2084 2085 2150 2149
2309 3 2 5 5 2085 2086 2151 2150
2310 3 2 5 5 2086 2087 2152 2151
2311 3 2 5 5 2087 2088 2153 2152
2312 3 2 5 5 2088 2089 2154 2153
2313 3 2 5 5 2089 2090 2155 2154
2314 3 2 5 5 2090 2091 2156 2155
2315 3 2 5 5 2091 2092 2157 2156
2316 3 2 5 5 2092 2093 2158 2157
2317 3 2 5 5 2093 2094 2159 2158
2318 3 2 5 5 2094 2095 2160 2159
2319 3 2 5 5 2095 2096 2161 2160
2320 3 2 5 5 2096 2097 2162 2161
2321 3 2 5 5 2097 2098 2163 2162
2322 3 2 5 5 2098 2099 2164 2163
2323 3 2 5 5 2099 2100 2165 2164
2324 3 2 5 5 2100 2101 2166 2165
2325 3 2 5 5 2101 2102 2167 2166
2326 3 2 5 5 2102 2103 2168 2167
2327 3 2 5 5 2103 2104 2169 2168
2328 3 2 5 5 2104 2105 2170 2169
2329 3 2 5 5 2105 2106 2171 2170
2330 3 2 5 5 2106 2107 2172 2171
2331 3 2 5 5 2107 2108 2173 2172
2332 3 2 5 5 2108 2109 2174 2173
2333 3 2 5 5 2109 2110 2175 2174
2334 3 2 5 5 2110 2111 2176 2175
2335 3 2 5 5 2111 2112 2177 2176
2336 3 2 5 5 2112 2113 2178 2177
2337 3 2 5 5 2113 2114 2179 2178
2338 3 2 5 5 2114 2115 2180 2179
2339 3 2 5 5 2115 2116 2181 2180
2340 3 2 5 5 2116 2117 2182 2181
2341 3 2 5 5 2117 2118 2183 2182
2342 3 2 5 5 2118 2119 2184 2183
2343 3 2 5 5 2119 2120 2185 2184
2344 3 2 5 5 2120 2121 2186 2185
2345 3 2 5 5 2121 2122 2187 2186
2346 3 2 5 5 2122 2123 2188 2187
2347 3 2 5 5 2123 2124 2189 2188
2348 3 2 5 5 2124 2125 2190 2189
2349 3 2 5 5 2125 2126 2191 2190
2350 3 2 5 5 2126 2127 2192 2191
2351 3 2 5 5 2127 2128 2193 2192
2352 3 2 5 5 2128 2129 2194 2193
2353 3 2 5 5 2129 2130 2195 2194
2354 3 2 5 5 2130 2131 2196 2195
2355 3 2 5 5 2131 2132 2197 2196
2356 3 2 5 5 2132 2133 2198 2197
2357 3 2 5 5 2133 2134 2199 2198
2358 3 2 5 5 2134 2135 2200 2199
2359 3 2 5 5 2135 2136 2201 2200
2360 3 2 5 5 2136 2137 2202 2201
2361 3 2 5 5 2137 2138 2203 2202
2362 3 2 5 5 2138 2139 2204 2203
2363 3 2 5 5 2139 2140 2205 2204
2364 3 2 5 5 2140 2141 2206 2205
2365 3 2 5 5 2141 2142 2207 2206
2366 3 2 5 5 2142 2143 2208 2207
2367 3 2 5 5 2143 2144 2209 2208
2368 3 2 5 5 2144 2145 2210 2209
2369 3 2 5 5 2146 2147 2212 2211
2370 3 2 5 5 2147 2148 2213 2212
2371 3 2 5 5 2148 2149 2214 2213
2372 3 2 5 5 2149 2150 2215 2214
2373 3 2 5 5 2150 2151 2216 2215
2374 3 2 5 5 2151 2152 2217 2216
2375 3 2 5 5 2152 2153 2218 2217
2376 3 2 5 5 2153 2154 2219 2218
2377 3 2 5 5 2154 2155 2220 2219
2378 3 2 5 5 2155 2156 2221 2220
2379 3 2 5 5 2156 2157 2222 2221
2380 3 2 5 5 2157 2158 2223 2222
2381 3 2 5 5 2158 2159 2224 2223
2382 3 2 5 5 2159 2160 2225 2224
2383 3 2 5 5 2160 2161 2226 2225
2384 3 2 5 5 2161 2162 2227 2226
2385 3 2 5 5 2162 2163 2228 2227
2386 3 2 5 5 2163 2164 2229 2228
2387 3 2 5 5 2164 2165 2230 2229
2388 3 2 5 5 2165 2166 2231 2230
2389 3 2 5 5 2166 2167 2232 2231
2390 3 2 5 5 2167 2168 2233 2232
2391 3 2 5 5 2168 2169 2234 2233
2392 3 2 5 5 2169 2170 2235 2234
2393 3 2 5 5 2170 2171 2236 2235
2394 3 2 5 5 2171 2172 2237 2236
2395 3 2 5 5 2172 2173 2238 2237
2396 3 2 5 5 2173 2174 2239 2238
2397 3 2 5 5 2174 2175 2240 2239
2398 3 2 5 5 2175 2176 2241 2240
2399 3 2 5 5 2176 2177 2242 2241
2400 3 2 5 5 2177 2178 2243 2242
2401 3 2 5 5 2178 2179 2244 2243
2402 3 2 5 5 2179 2180 2245 2244
2403 3 2 5 5 2180 2181 2246 2245
2404 3 2 5 5 2181 2182 2247 2246
2405 3 2 5 5 2182 2183 2248 2247
2406 3 2 5 5 2183 2184 2249 2248
2407 3 2 5 5 2184 2185 2250 2249
2408 3 2 5 5 2185 2186 2251 2250
2409 3 2 5 5 2186 2187 2252 2251
2410 3 2 5 5 2187 2188 2253 2252
2411 3 2 5 5 2188 2189 2254 2253
2412 3 2 5 5 2189 2190 2255 2254
2413 3 2 5 5 2190 2191 2256 2255
2414 3 2 5 5 2191 2192 2257 2256
2415 3 2 5 5 2192 2193 2258 2257
2416 3 2 5 5 2193 2194 2259 2258
2417 3 2 5 5 2194 2195 2260 2259
2418 3 2 5 5 2195 2196 2261 2260
2419 3 2 5 5 2196 2197 2262 2261
2420 3 2 5 5 2197 2198 2263 2262
2421 3 2 5 5 2198 2199 2264 2263
2422 3 2 5 5 2199 2200 2265 2264
2423 3 2 5 5 2200 2201 2266 2265
2424 3 2 5 5 2201 2202 2267 2266
2425 3 2 5 5 2202 2203 2268 2267
2426 3 2 5 5 2203 2204 2269 2268
2427 3 2 5 5 2204 2205 2270 2269
2428 3 2 5 5 2205 2206 2271 2270
2429 3 2 5 5 2206 2207 2272 2271
2430 3 2 5 5 2207 2208 2273 2272
2431 3 2 5 5 2208 2209 2274 2273
2432 3 2 5 5 2209 2210 2275 2274
2433 3 2 5 5 2211 2212 2277 2276
2434 3 2 5 5 2212 2213 2278 2277
2435 3 2 5 5 2213 2214 2279 2278
2436 3 2 5 5 2214 2215 2280 2279
2437 3 2 5 5 2215 2216 2281 2280
2438 3 2 5 5 2216 2217 2282 2281
2439 3 2 5 5 2217 2218 2283 2282
2440 3 2 5 5 2218 2219 2284 2283
2441 3 2 5 5 2219 2220 2285 2284
2442 3 2 5 5 2220 2221 2286 2285
2443 3 2 5 5 2221 2222 2287 2286
2444 3 2 5 5 2222 2223 2288 2287
2445 3 2 5 5 2223 2224 2289 2288
2446 3 2 5 5 2224 2225 2290 2289
2447 3 2 5 5 2225 2226 2291 2290
2448 3 2 5 5 2226 2227 2292 2291
2449 3 2 5 5 2227 2228 2293 2292
2450 3 2 5 5 2228 2229 2294 2293
2451 3 2 5 5 2229 2230 2295 2294
2452 3 2 5 5 2230 2231 2296 2295
2453 3 2 5 5 2231 2232 2297 2296
2454 3 2 5 5 2232 2233 2298 2297
2455 3 2 5 5 2233 2234 2299 2298
2456 3 2 5 5 2234 2235 2300 2299
2457 3 2 5 5 2235 2236 2301 2300
2458 3 2 5 5 2236 2237 2302 2301
2459 3 2 5 5 2237 2238 2303 2302
2460 3 2 5 5 2238 2239 2304 2303
2461 3 2 5 5 2239 2240 2305 2304
2462 3 2 5 5 2240 2241 2306 2305
2463 3 2 5 5 2241 2242 2307 2306
2464 3 2 5 5 2242 2243 2308 2307
2465 3 2 5 5 2243 2244 2309 2308
2466 3 2 5 5 2244 2245 2310 2309
2467 3 2 5 5 2245 2246 2311 2310
2468 3 2 5 5 2246 2247 2312 2311
2469 3 2 5 5 2247 2248 2313 2312
2470 3 2 5 5 2248 2249 2314 2313
2471 3 2 5 5 2249 2250 2315 2314
2472 3 2 5 5 2250 2251 2316 2315
2473 3 2 5 5 2251 2252 2317 2316
2474 3 2 5 5 2252 2253 2318 2317
2475 3 2 5 5 2253 2254 2319 2318
2476 3 2 5 5 2254 2255 2320 2319
2477 3 2 5 5 2255 2256 2321 2320
2478 3 2 5 5 2256 2257 2322 2321
2479 3 2 5 5 2257 2258 2323 2322
2480 3 2 5 5 2258 2259 2324 2323
2481 3 2 5 5 2259 2260 2325 2324
2482 3 2 5 5 2260 2261 2326 2325
2483 3 2 5 5 2261 2262 2327 2326
2484 3 2 5 5 2262 2263 2328 2327
2485 3 2 5 5 2263 2264 2329 2328
2486 3 2 5 5 2264 2265 2330 2329
2487 3 2 5 5 2265 2266 2331 2330
2488 3 2 5 5 2266 2267 2332 2331
2489 3 2 5 5 2267 2268 2333 2332
2490 3 2 5 5 2268 2269 2334 2333
2491 3 2 5 5 2269 2270 2335 2334
2492 3 2 5 5 2270 2271 2336 2335
2493 3 2 5 5 2271 2272 2337 2336
2494 3 2 5 5 2272 2273 2338 2337
2495 3 2 5 5 2273 2274 2339 2338
2496 3 2 5 5 2274 2275 2340 2339
2497 3 2 5 5 2276 2277 2342 2341
2498 3 2 5 5 2277 2278 2343 2342
2499 3 2 5 5 2278 2279 2344 2343
2500 3 2 5 5 2279 2280 2345 2344
2501 3 2 5 5 2280 2281 2346 2345
2502 3 2 5 5 2281 2282 2347 2346
2503 3 2 5 5 2282 2283 2348 2347
2504 3 2 5 5 2283 2284 2349 2348
2505 3 2 5 5 2284 2285 2350 2349
2506 3 2 5 5 2285 2286 2351 2350
2507 3 2 5 5 2286 2287 2352 2351
2508 3 2 5 5 2287 2288 2353 2352
2509 3 2 5 5 2288 2289 2354 2353
2510 3 2 5 5 2289 2290 2355 2354
2511 3 2 5 5 2290 2291 2356 2355
2512 3 2 5 5 2291 2292 2357 2356
2513 3 2 5 5 2292 2293 2358 2357
2514 3 2 5 5 2293 2294 2359 2358
2515 3 2 5 5 2294 2295 2360 2359
2516 3 2 5 5 2295 2296 2361 2360
2517 3 2 5 5 2296 2297 2362 2361
2518 3 2 5 5 2297 2298 2363 2362
2519 3 2 5 5 2298 2299 2364 2363
2520 3 2 5 5 2299 2300 2365 2364
2521 3 2 5 5 2300 2301 2366 2365
2522 3 2 5 5 2301 2302 2367 2366
2523 3 2 5 5 2302 2303 2368 2367
2524 3 2 5 5 2303 2304 2369 2368
2525 3 2 5 5 2304 2305 2370 2369
2526 3 2 5 5 2305 2306 2371 2370
2527 3 2 5 5 2306 2307 2372 2371
2528 3 2 5 5 2307 2308 2373 2372
2529 3 2 5 5 2308 2309 2374 2373
2530 3 2 5 5 2309 2310 2375 2374
2531 3 2 5 5 2310 2311 2376 2375
2532 3 2 5 5 2311 2312 2377 2376
2533 3 2 5 5 2312 2313 2378 2377
2534 3 2 5 5 2313 2314 2379 2378
2535 3 2 5 5 2314 2315 2380 2379
2536 3 2 5 5 2315 2316 2381 2380
2537 3 2 5 5 2316 2317 2382 2381
2538 3 2 5 5 2317 2318 2383 2382
2539 3 2 5 5 2318 2319 2384 2383
2540 3 2 5 5 2319 2320 2385 2384
2541 3 2 5 5 2320 2321 2386 2385
2542 3 2 5 5 2321 2322 2387 2386
2543 3 2 5 5 2322 2323 2388 2387
2544 3 2 5 5 2323 2324 2389 2388
2545 3 2 5 5 2324 2325 2390 2389
2546 3 2 5 5 2325 2326 2391 2390
2547 3 2 5 5 2326 2327 2392 2391
2548 3 2 5 5 2327 2328 2393 2392
2549 3 2 5 5 2328 2329 2394 2393
2550 3 2 5 5 2329 2330 2395 2394
2551 3 2 5 5 2330 2331 2396 2395
2552 3 2 5 5 2331 2332 2397 2396
2553 3 2 5 5 2332 2333 2398 2397
2554 3 2 5 5 2333 2334 2399 2398
2555 3 2 5 5 2334 2335 2400 2399
2556 3 2 5 5 2335 2336 2401 2400
2557 3 2 5 5 2336 2337 2402 2401
2558 3 2 5 5 2337 2338 2403 2402
2559 3 2 5 5 2338 2339 2404 2403
2560 3 2 5 5 2339 2340 2405 2404
2561 3 2 5 5 2341 2342 2407 2406
2562 3 2 5 5 2342 2343 2408 2407
2563 3 2 5 5 2343 2344 2409 2408
2564 3 2 5 5 2344 2345 2410 2409
2565 3 2 5 5 2345 2346 2411 2410
2566 3 2 5 5 2346 2347 2412 2411
2567 3 2 5 5 2347 2348 2413 2412
2568 3 2 5 5 2348 2349 2414 2413
2569 3 2 5 5 2349 2350 2415 2414
2570 3 2 5 5 2350 2351 2416 2415
2571 3 2 5 5 2351 2352 2417 2416
2572 3 2 5 5 2352 2353 2418 2417
2573 3 2 5 5 2353 2354 2419 2418
2574 3 2 5 5 2354 2355 2420 2419
2575 3 2 5 5 2355 2356 2421 2420
2576 3 2 5 5 2356 2357 2422 2421
2577 3 2 5 5 2357 2358 2423 2422
2578 3 2 5 5 2358 2359 2424 2423
2579 3 2 5 5 2359 2360 2425 2424
2580 3 2 5 5 2360 2361 2426 2425
2581 3 2 5 5 2361 2362 2427 2426
2582 3 2 5 5 2362 2363 2428 2427
2583 3 2 5 5 2363 2364 2429 2428
2584 3 2 5 5 2364 2365 2430 2429
2585 3 2 5 5 2365 2366 2431 2430
2586 3 2 5 5 2366 2367 2432 2431
2587 3 2 5 5 2367 2368 2433 2432
2588 3 2 5 5 2368 2369 2434 2433
2589 3 2 5 5 2369 2370 2435 2434
2590 3 2 5 5 2370 2371 2436 2435
2591 3 2 5 5 2371 2372 2437 2436
2592 3 2 5 5 2372 2373 2438 2437
2593 3 2 5 5 2373 2374 2439 2438
2594 3 2 5 5 2374 2375 2440 2439
2595 3 2 5 5 2375 2376 2441 2440
2596 3 2 5 5 2376 2377 2442 2441
2597 3 2 5 5 2377 2378 2443 2442
2598 3 2 5 5 2378 2379 2444 2443
2599 3 2 5 5 2379 2380 2445 2444
2600 3 2 5 5 2380 2381 2446 2445
2601 3 2 5 5 2381 2382 2447 2446
2602 3 2 5 5 2382 2383 2448 2447
2603 3 2 5 5 2383 2384 2449 2448
2604 3 2 5 5 2384 2385 2450 2449
2605 3 2 5 5 2385 2386 2451 2450
2606 3 2 5 5 2386 2387 2452 2451
2607 3 2 5 5 2387 2388 2453 2452
2608 3 2 5 5 2388 2389 2454 2453
2609 3 2 5 5 2389 2390 2455 2454
2610 3 2 5 5 2390 2391 2456 2455
2611 3 2 5 5 2391 2392 2457 2456
2612 3 2 5 5 2392 2393 2458 2457
2613 3 2 5 5 2393 2394 2459 2458
2614 3 2 5 5 2394 2395 2460 2459
2615 3 2 5 5 2395 2396 2461 2460
2616 3 2 5 5 2396 2397 2462 2461
2617 3 2 5 5 2397 2398 2463 2462
2618 3 2 5 5 2398 2399 2464 2463
2619 3 2 5 5 2399 2400 2465 2464
2620 3 2 5 5 2400 2401 2466 2465
2621 3 2 5 5 2401 2402 2467 2466
2622 3 2 5 5 2402 2403 2468 2467
2623 3 2 5 5 2403 2404 2469 2468
2624 3 2 5 5 2404 2405 2470 2469
2625 3 2 5 5 2406 2407 2472 2471
2626 3 2 5 5 2407 2408 2473 2472
2627 3 2 5 5 2408 2409 2474 2473
2628 3 2 5 5 2409 2410 2475 2474
2629 3 2 5 5 2410 2411 2476 2475
2630 3 2 5 5 2411 2412 2477 2476
2631 3 2 5 5 2412 2413 2478 2477
2632 3 2 5 5 2413 2414 2479 2478
2633 3 2 5 5 2414 2415 2480 2479
2634 3 2 5 5 2415 2416 2481 2480
2635 3 2 5 5 2416 2417 2482 2481
2636 3 2 5 5 2417 2418 2483 2482
2637 3 2 5 5 2418 2419 2484 2483
2638 3 2 5 5 2419 2420 2485 2484
2639 3 2 5 5 2420 2421 2486 2485
2640 3 2 5 5 2421 2422 2487 2486
2641 3 2 5 5 2422 2423 2488 2487
2642 3 2 5 5 2423 2424 2489 2488
2643 3 2 5 5 2424 2425 2490 2489
2644 3 2 5 5 2425 2426 2491 2490
2645 3 2 5 5 2426 2427 2492 2491
2646 3 2 5 5 2427 2428 2493 2492
2647 3 2 5 5 2428 2429 2494 2493
2648 3 2 5 5 2429 2430 2495 2494
2649 3 2 5 5 2430 2431 2496 2495
2650 3 2 5 5 2431 2432 2497 2496
2651 3 2 5 5 2432 2433 2498 2497
2652 3 2 5 5 2433 2434 2499 2498
2653 3 2 5 5 2434 2435 2500 2499
2654 3 2 5 5 2435 2436 2501 2500
2655 3 2 5 5 2436 2437 2502 2501
2656 3 2 5 5 2437 2438 2503 2502
2657 3 2 5 5 2438 2439 2504 2503
2658 3 2 5 5 2439 2440 2505 2504
2659 3 2 5 5 2440 2441 2506 2505
2660 3 2 5 5 2441 2442 2507 2506
2661 3 2 5 5 2442 2443 2508 2507
2662 3 2 5 5 2443 2444 2509 2508
2663 3 2 5 5 2444 2445 2510 2509
2664 3 2 5 5 2445 2446 2511 2510
2665 3 2 5 5 2446 2447 2512 2511
2666 3 2 5 5 2447 2448 2513 2512
2667 3 2 5 5 2448 2449 2514 2513
2668 3 2 5 5 2449 2450 2515 2514
2669 3 2 5 5 2450 2451 2516 2515
2670 3 2 5 5 2451 2452 2517 2516
2671 3 2 5 5 2452 2453 2518 2517
2672 3 2 5 5 2453 2454 2519 2518
2673 3 2 5 5 2454 2455 2520 2519
2674 3 2 5 5 2455 2456 2521 2520
2675 3 2 5 5 2456 2457 2522 2521
2676 3 2 5 5 2457 2458 2523 2522
2677 3 2 5 5 2458 2459 2524 2523
2678 3 2 5 5 2459 2460 2525 2524
2679 3 2 5 5 2460 2461 2526 2525
2680 3 2 5 5 2461 2462 2527 2526
2681 3 2 5 5 2462 2463 2528 2527
2682 3 2 5 5 2463 2464 2529 2528
2683 3 2 5 5 2464 2465 2530 2529
2684 3 2 5 5 2465 2466 2531 2530
2685 3 2 5 5 2466 2467 2532 2531
2686 3 2 5 5 2467 2468 2533 2532
2687 3 2 5 5 2468 2469 2534 2533
2688 3 2 5 5 2469 2470 2535 2534
2689 3 2 5 5 2471 2472 2537 2536
2690 3 2 5 5 2472 2473 2538 2537
2691 3 2 5 5 2473 2474 2539 2538
2692 3 2 5 5 2474 2475 2540 2539
2693 3 2 5 5 2475 2476 2541 2540
2694 3 2 5 5 2476 2477 2542 2541
2695 3 2 5 5 2477 2478 2543 2542
2696 3 2 5 5 2478 2479 2544 2543
2697 3 2 5 5 2479 2480 2545 2544
2698 3 2 5 5 2480 2481 2546 2545
2699 3 2 5 5 2481 2482 2547 2546
2700 3 2 5 5 2482 2483 2548 2547
2701 3 2 5 5 2483 2484 2549 2548
2702 3 2 5 5 2484 2485 2550 2549
2703 3 2 5 5 2485 2486 2551 2550
2704 3 2 5 5 2486 2487 2552 2551
2705 3 2 5 5 2487 2488 2553 2552
2706 3 2 5 5 2488 2489 2554 2553
2707 3 2 5 5 2489 2490 2555 2554
2708 3 2 5 5 2490 2491 2556 2555
2709 3 2 5 5 2491 2492 2557 2556
2710 3 2 5 5 2492 2493 2558 2557
2711 3 2 5 5 2493 2494 2559 2558
2712 3 2 5 5 2494 2495 2560 2559
2713 3 2 5 5 2495 2496 2561 2560
2714 3 2 5 5 2496 2497 2562 2561
2715 3 2 5 5 2497 2498 2563 2562
2716 3 2 5 5 2498 2499 2564 2563
2717 3 2 5 5 2499 2500 2565 2564
2718 3 2 5 5 2500 2501 2566 2565
2719 3 2 5 5 2501 2502 2567 2566
2720 3 2 5 5 2502 2503 2568 2567
2721 3 2 5 5 2503 2504 2569 2568
2722 3 2 5 5 2504 2505 2570 2569
2723 3 2 5 5 2505 2506 2571 2570
2724 3 2 5 5 2506 2507 2572 2571
2725 3 2 5 5 2507 2508 2573 2572
2726 3 2 5 5 2508 2509 2574 2573
2727 3 2 5 5 2509 2510 2575 2574
2728 3 2 5 5 2510 2511 2576 2575
2729 3 2 5 5 2511 2512 2577 2576
2730 3 2 5 5 2512 2513 2578 2577
2731 3 2 5 5 2513 2514 2579 2578
2732 3 2 5 5 2514 2515 2580 2579
2733 3 2 5 5 2515 2516 2581 2580
2734 3 2 5 5 2516 2517 2582 2581
2735 3 2 5 5 2517 2518 2583 2582
2736 3 2 5 5 2518 2519 2584 2583
2737 3 2 5 5 2519 2520 2585 2584
2738 3 2 5 5 2520 2521 2586 2585
2739 3 2 5 5 2521 2522 2587 2586
2740 3 2 5 5 2522 2523 2588 2587
2741 3 2 5 5 2523 2524 2589 2588
2742 3 2 5 5 2524 2525 2590 2589
2743 3 2 5 5 2525 2526 2591 2590
2744 3 2 5 5 2526 2527 2592 2591
2745 3 2 5 5 2527 2528 2593 2592
2746 3 2 5 5 2528 2529 2594 2593
2747 3 2 5 5 2529 2530 2595 2594
2748 3 2 5 5 2530 2531 2596 2595
2749 3 2 5 5 2531 2532 2597 2596
2750 3 2 5 5 2532 2533 2598 2597
2751 3 2 5 5 2533 2534 2599 2598
2752 3 2 5 5 2534 2535 2600 2599
2753 3 2 5 5 2536 2537 2602 2601
2754 3 2 5 5 2537 2538 2603 2602
2755 3 2 5 5 2538 2539 2604 2603
2756 3 2 5 5 2539 2540 2605 2604
2757 3 2 5 5 2540 2541 2606 2605
2758 3 2 5 5 2541 2542 2607 2606
2759 3 2 5 5 2542 2543 2608 2607
2760 3 2 5 5 2543 2544 2609 2608
2761 3 2 5 5 2544 2545 2610 2609
2762 3 2 5 5 2545 2546 2611 2610
2763 3 2 5 5 2546 2547 2612 2611
2764 3 2 5 5 2547 2548 2613 2612
2765 3 2 5 5 2548 2549 2614 2613
2766 3 2 5 5 2549 2550 2615 2614
2767 3 2 5 5 2550 2551 2616 2615
2768 3 2 5 5 2551 2552 2617 2616
2769 3 2 5 5 2552 2553 2618 2617
2770 3 2 5 5 2553 2554 2619 2618
2771 3 2 5 5 2554 2555 2620 2619
2772 3 2 5 5 2555 2556 2621 2620
2773 3 2 5 5 2556 2557 2622 2621
2774 3 2 5 5 2557 2558 2623 2622
2775 3 2 5 5 2558 2559 2624 2623
2776 3 2 5 5 2559 2560 2625 2624
2777 3 2 5 5 2560 2561 2626 2625
2778 3 2 5 5 2561 2562 2627 2626
2779 3 2 5 5 2562 2563 2628 2627
2780 3 2 5 5 2563 2564 2629 2628
2781 3 2 5 5 2564 2565 2630 2629
2782 3 2 5 5 2565 2566 2631 2630
2783 3 2 5 5 2566 2567 2632 2631
2784 3 2 5 5 2567 2568 2633 2632
2785 3 2 5 5 2568 2569 2634 2633
2786 3 2 5 5 2569 2570 2635 2634
2787 3 2 5 5 2570 2571 2636 2635
2788 3 2 5 5 2571 2572 2637 2636
2789 3 2 5 5 2572 2573 2638 2637
2790 3 2 5 5 2573 2574 2639 2638
2791 3 2 5 5 2574 2575 2640 2639
2792 3 2 5 5 2575 2576 2641 2640
2793 3 2 5 5 2576 2577 2642 2641
2794 3 2 5 5 2577 2578 2643 2642
2795 3 2 5 5 2578 2579 2644 2643
2796 3 2 5 5 2579 2580 2645 2644
2797 3 2 5 5 2580 2581 2646 2645
2798 3 2 5 5 2581 2582 2647 2646
2799 3 2 5 5 2582 2583 2648 2647
2800 3 2 5 5 2583 2584 2649 2648
2801 3 2 5 5 2584 2585 2650 2649
2802 3 2 5 5 2585 2586 2651 2650
2803 3 2 5 5 2586 2587 2652 2651
2804 3 2 5 5 2587 2588 2653 2652
2805 3 2 5 5 2588 2589 2654 2653
2806 3 2 5 5 2589 2590 2655 2654
2807 3 2 5 5 2590 2591 2656 2655
2808 3 2 5 5 2591 2592 2657 2656
2809 3 2 5 5 2592 2593 2658 2657
2810 3 2 5 5 2593 2594 2659 2658
2811 3 2 5 5 2594 2595 2660 2659
2812 3 2 5 5 2595 2596 2661 2660
2813 3 2 5 5 2596 2597 2662 2661
2814 3 2 5 5 2597 2598 2663 2662
2815 3 2 5 5 2598 2599 2664 2663
2816 3 2 5 5 2599 2600 2665 2664
2817 3 2 5 5 2601 2602 2667 2666
2818 3 2 5 5 2602 2603 2668 2667
2819 3 2 5 5 2603 2604 2669 2668
2820 3 2 5 5 2604 2605 2670 2669
2821 3 2 5 5 2605 2606 2671 2670
2822 3 2 5 5 2606 2607 2672 2671
2823 3 2 5 5 2607 2608 2673 2672
2824 3 2 5 5 2608 2609 2674 2673
2825 3 2 5 5 2609 2610 2675 2674
2826 3 2 5 5 2610 2611 2676 2675
2827 3 2 5 5 2611 2612 2677 2676
2828 3 2 5 5 2612 2613 2678 2677
2829 3 2 5 5 2613 2614 2679 2678
2830 3 2 5 5 2614 2615 2680 2679
2831 3 2 5 5 2615 2616 2681 2680
2832 3 2 5 5 2616 2617 2682 2681
2833 3 2 5 5 2617 2618 2683 2682
2834 3 2 5 5 2618 2619 2684 2683
2835 3 2 5 5 2619 2620 2685 2684
2836 3 2 5 5 2620 2621 2686 2685
2837 3 2 5 5 2621 2622 2687 2686
2838 3 2 5 5 2622 2623 2688 2687
2839 3 2 5 5 2623 2624 2689 2688
2840 3 2 5 5 2624 2625 2690 2689
2841 3 2 5 5 2625 2626 2691 2690
2842 3 2 5 5 2626 2627 2692 2691
2843 3 2 5 5 2627 2628 2693 2692
2844 3 2 5 5 2628 2629 2694 2693
2845 3 2 5 5 2629 2630 2695 2694
2846 3 2 5 5 2630 2631 2696 2695
2847 3 2 5 5 2631 2632 2697 2696
2848 3 2 5 5 2632 2633 2698 2697
2849 3 2 5 5 2633 2634 2699 2698
2850 3 2 5 5 2634 2635 2700 2699
2851 3 2 5 5 2635 2636 2701 2700
2852 3 2 5 5 2636 2637 2702 2701
2853 3 2 5 5 2637 2638 2703 2702
2854 3 2 5 5 2638 2639 2704 2703
2855 3 2 5 5 2639 2640 2705 2704
2856 3 2 5 5 2640 2641 2706 2705
2857 3 2 5 5 2641 2642 2707 2706
2858 3 2 5 5 2642 2643 2708 2707
2859 3 2 5 5 2643 2644 2709 2708
2860 3 2 5 5 2644 2645 2710 2709
2861 3 2 5 5 2645 2646 2711 2710
2862 3 2 5 5 2646 2647 2712 2711
2863 3 2 5 5 2647 2648 2713 2712
2864 3 2 5 5 2648 2649 2714 2713
2865 3 2 5 5 2649 2650 2715 2714
2866 3 2 5 5 2650 2651 2716 2715
2867 3 2 5 5 2651 2652 2717 2716
2868 3 2 5 5 2652 2653 2718 2717
2869 3 2 5 5 2653 2654 2719 2718
2870 3 2 5 5 2654 2655 2720 2719
2871 3 2 5 5 2655 2656 2721 2720
2872 3 2 5 5 2656 2657 2722 2721
2873 3 2 5 5 2657 2658 2723 2722
2874 3 2 5 5 2658 2659 2724 2723
2875 3 2 5 5 2659 2660 2725 2724
2876 3 2 5 5 2660 2661 2726 2725
2877 3 2 5 5 2661 2662 2727 2726
2878 3 2 5 5 2662 2663 2728 2727
2879 3 2 5 5 2663 2664 2729 2728
2880 3 2 5 5 2664 2665 2730 2729
2881 3 2 5 5 2666 2667 2732 2731
2882 3 2 5 5 2667 2668 2733 2732
2883 3 2 5 5 2668 2669 2734 2733
2884 3 2 5 5 2669 2670 2735 2734
2885 3 2 5 5 2670 2671 2736 2735
2886 3 2 5 5 2671 2672 2737 2736
2887 3 2 5 5 2672 2673 2738 2737
2888 3 2 5 5 2673 2674 2739 2738
2889 3 2 5 5 2674 2675 2740 2739
2890 3 2 5 5 2675 2676 2741 2740
2891 3 2 5 5 2676 2677 2742 2741
2892 3 2 5 5 2677 2678 2743 2742
2893 3 2 5 5 2678 2679 2744 2743
2894 3 2 5 5 2679 2680 2745 2744
2895 3 2 5 5 2680 2681 2746 2745
2896 3 2 5 5 2681 2682 2747 2746
2897 3 2 5 5 2682 2683 2748 2747
2898 3 2 5 5 2683 2684 2749 2748
2899 3 2 5 5 2684 2685 2750 2749
2900 3 2 5 5 2685 2686 2751 2750
2901 3 2 5 5 2686 2687 2752 2751
2902 3 2 5 5 2687 2688 2753 2752
2903 3 2 5 5 2688 2689 2754 2753
2904 3 2 5 5 2689 2690 2755 2754
2905 3 2 5 5 2690 2691 2756 2755
2906 3 2 5 5 2691 2692 2757 2756
2907 3 2 5 5 2692 2693 2758 2757
2908 3 2 5 5 2693 2694 2759 2758
2909 3 2 5 5 2694 2695 2760 2759
2910 3 2 5 5 2695 2696 2761 2760
2911 3 2 5 5 2696 2697 2762 2761
2912 3 2 5 5 2697 2698 2763 2762
2913 3 2 5 5 2698 2699 2764 2763
2914 3 2 5 5 2699 2700 2765 2764
2915 3 2 5 5 2700 2701 2766 2765
2916 3 2 5 5 2701 2702 2767 2766
2917 3 2 5 5 2702 2703 2768 2767
2918 3 2 5 5 2703 2704 2769 2768
2919 3 2 5 5 2704 2705 2770 2769
2920 3 2 5 5 2705 2706 2771 2770
2921 3 2 5 5 2706 2707 2772 2771
2922 3 2 5 5 2707 2708 2773 2772
2923 3 2 5 5 2708 2709 2774 2773
2924 3 2 5 5 2709 2710 2775 2774
2925 3 2 5 5 2710 2711 2776 2775
2926 3 2 5 5 2711 2712 2777 2776
2927 3 2 5 5 2712 2713 2778 2777
2928 3 2 5 5 2713 2714 2779 2778
2929 3 2 5 5 2714 2715 2780 2779
2930 3 2 5 5 2715 2716 2781 2780
2931 3 2 5 5 2716 2717 2782 2781
2932 3 2 5 5 2717 2718 2783 2782
2933 3 2 5 5 2718 2719 2784 2783
2934 3 2 5 5 2719 2720 2785 2784
2935 3 2 5 5 2720 2721 2786 2785
2936 3 2 5 5 2721 2722 2787 2786
2937 3 2 5 5 2722 2723 2788 2787
2938 3 2 5 5 2723 2724 2789 2788
2939 3 2 5 5 2724 2725 2790 2789
2940 3 2 5 5 2725 2726 2791 2790
2941 3 2 5 5 2726 2727 2792 2791
2942 3 2 5 5 2727 2728 2793 2792
2943 3 2 5 5 2728 2729 2794 2793
2944 3 2 5 5 2729 2730 2795 2794
2945 3 2 5 5 2731 2732 2797 2796
2946 3 2 5 5 2732 2733 2798 2797
2947 3 2 5 5 2733 2734 2799 2798
2948 3 2 5 5 2734 2735 2800 2799
2949 3 2 5 5 2735 2736 2801 2800
2950 3 2 5 5 2736 2737 2802 2801
2951 3 2 5 5 2737 2738 2803 2802
2952 3 2 5 5 2738 2739 2804 2803
2953 3 2 5 5 2739 2740 2805 2804
2954 3 2 5 5 2740 2741 2806 2805
2955 3 2 5 5 2741 2742 2807 2806
2956 3 2 5 5 2742 2743 2808 2807
2957 3 2 5 5 2743 2744 2809 2808
2958 3 2 5 5 2744 2745 2810 2809
2959 3 2 5 5 2745 2746 2811 2810
2960 3 2 5 5 2746 2747 2812 2811
2961 3 2 5 5 2747 2748 2813 2812
2962 3 2 5 5 2748 2749 2814 2813
2963 3 2 5 5 2749 2750 2815 2814
2964 3 2 5 5 2750 2751 2816 2815
2965 3 2 5 5 2751 2752 2817 2816
2966 3 2 5 5 2752 2753 2818 2817
2967 3 2 5 5 2753 2754 2819 2818
2968 3 2 5 5 2754 2755 2820 2819
2969 3 2 5 5 2755 2756 2821 2820
2970 3 2 5 5 2756 2757 2822 2821
2971 3 2 5 5 2757 2758 2823 2822
2972 3 2 5 5 2758 2759 2824 2823
2973 3 2 5 5 2759 2760 2825 2824
2974 3 2 5 5 2760 2761 2826 2825
2975 3 2 5 5 2761 2762 2827 2826
2976 3 2 5 5 2762 2763 2828 2827
2977 3 2 5 5 2763 2764 2829 2828
2978 3 2 5 5 2764 2765 2830 2829
2979 3 2 5 5 2765 2766 2831 2830
2980 3 2 5 5 2766 2767 2832 2831
2981 3 2 5 5 2767 2768 2833 2832
2982 3 2 5 5 2768 2769 2834 2833
2983 3 2 5 5 2769 2770 2835 2834
2984 3 2 5 5 2770 2771 2836 2835
2985 3 2 5 5 2771 2772 2837 2836
2986 3 2 5 5 2772 2773 2838 2837
2987 3 2 5 5 2773 2774 2839 2838
2988 3 2 5 5 2774 2775 2840 2839
2989 3 2 5 5 2775 2776 2841 2840
2990 3 2 5 5 2776 2777 2842 2841
2991 3 2 5 5 2777 2778 2843 2842
2992 3 2 5 5 2778 2779 2844 2843
2993 3 2 5 5 2779 2780 2845 2844
2994 3 2 5 5 2780 2781 2846 2845
2995 3 2 5 5 2781 2782 2847 2846
2996 3 2 5 5 2782 2783 2848 2847
2997 3 2 5 5 2783 2784 2849 2848
2998 3 2 5 5 2784 2785 2850 2849
2999 3 2 5 5 2785 2786 2851 2850
3000 3 2 5 5 2786 2787 2852 2851
3001 3 2 5 5 2787 2788 2853 2852
3002 3 2 5 5 2788 2789 2854 2853
3003 3 2 5 5 2789 2790 2855 2854
3004 3 2 5 5 2790 2791 2856 2855
3005 3 2 5 5 2791 2792 2857 2856
3006 3 2 5 5 2792 2793 2858 2857
3007 3 2 5 5 2793 2794 2859 2858
3008 3 2 5 5 2794 2795 2860 2859
3009 3 2 5 5 2796 2797 2862 2861
3010 3 2 5 5 2797 2798 2863 2862
3011 3 2 5 5 2798 2799 2864 2863
3012 3 2 5 5 2799 2800 2865 2864
3013 3 2 5 5 2800 2801 2866 2865
3014 3 2 5 5 2801 2802 2867 2866
3015 3 2 5 5 2802 2803 2868 2867
3016 3 2 5 5 2803 2804 2869 2868
3017 3 2 5 5 2804 2805 2870 2869
3018 3 2 5 5 2805 2806 2871 2870
3019 3 2 5 5 2806 2807 2872 2871
3020 3 2 5 5 2807 2808 2873 2872
3021 3 2 5 5 2808 2809 2874 2873
3022 3 2 5 5 2809 2810 2875 2874
3023 3 2 5 5 2810 2811 2876 2875
3024 3 2 5 5 2811 2812 2877 2876
3025 3 2 5 5 2812 2813 2878 2877
3026 3 2 5 5 2813 2814 2879 2878
3027 3 2 5 5 2814 2815 2880 2879
3028 3 2 5 5 2815 2816 2881 2880
3029 3 2 5 5 2816 2817 2882 2881
3030 3 2 5 5 2817 2818 2883 2882
3031 3 2 5 5 2818 2819 2884 2883
3032 3 2 5 5 2819 2820 2885 2884
3033 3 2 5 5 2820 2821 2886 2885
3034 3 2 5 5 2821 2822 2887 2886
3035 3 2 5 5 2822 2823 2888 2887
3036 3 2 5 5 2823 2824 2889 2888
3037 3 2 5 5 2824 2825 2890 2889
3038 3 2 5 5 2825 2826 2891 2890
3039 3 2 5 5 2826 2827 2892 2891
3040 3 2 5 5 2827 2828 2893 2892
3041 3 2 5 5 2828 2829 2894 2893
3042 3 2 5 5 2829 2830 2895 2894
3043 3 2 5 5 2830 2831 2896 2895
3044 3 2 5 5 2831 2832 2897 2896
3045 3 2 5 5 2832 2833 2898 2897
3046 3 2 5 5 2833 2834 2899 2898
3047 3 2 5 5 2834 2835 2900 2899
3048 3 2 5 5 2835 2836 2901 2900
3049 3 2 5 5 2836 2837 2902 2901
3050 3 2 5 5 2837 2838 2903 2902
3051 3 2 5 5 2838 2839 2904 2903
3052 3 2 5 5 2839 2840 2905 2904
3053 3 2 5 5 2840 2841 2906 2905
3054 3 2 5 5 2841 2842 2907 2906
3055 3 2 5 5 2842 2843 2908 2907
3056 3 2 5 5 2843 2844 2909 2908
3057 3 2 5 5 2844 2845 2910 2909
3058 3 2 5 5 2845 2846 2911 2910
3059 3 2 5 5 2846 2847 2912 2911
3060 3 2 5 5 2847 2848 2913 2912
3061 3 2 5 5 2848 2849 2914 2913
3062 3 2 5 5 2849 2850 2915 2914
3063 3 2 5 5 2850 2851 2916 2915
3064 3 2 5 5 2851 2852 2917 2916
3065 3 2 5 5 2852 2853 2918 2917
3066 3 2 5 5 2853 2854 2919 2918
3067 3 2 5 5 2854 2855 2920 2919
3068 3 2 5 5 2855 2856 2921 2920
3069 3 2 5 5 2856 2857 2922 2921
3070 3 2 5 5 2857 2858 2923 2922
3071 3 2 5 5 2858 2859 2924 2923
3072 3 2 5 5 2859 2860 2925 2924
3073 3 2 5 5 2861 2862 2927 2926
3074 3 2 5 5 2862 2863 2928 2927
3075 3 2 5 5 2863 2864 2929 2928
3076 3 2 5 5 2864 2865 2930 2929
3077 3 2 5 5 2865 2866 2931 2930
3078 3 2 5 5 2866 2867 2932 2931
3079 3 2 5 5 2867 2868 2933 2932
3080 3 2 5 5 2868 2869 2934 2933
3081 3 2 5 5 2869 2870 2935 2934
3082 3 2 5 5 2870 2871 2936 2935
3083 3 2 5 5 2871 2872 2937 2936
3084 3 2 5 5 2872 2873 2938 2937
3085 3 2 5 5 2873 2874 2939 2938
3086 3 2 5 5 2874 2875 2940 2939
3087 3 2 5 5 2875 2876 2941 2940
3088 3 2 5 5 2876 2877 2942 2941
3089 3 2 5 5 2877 2878 2943 2942
3090 3 2 5 5 2878 2879 2944 2943
3091 3 2 5 5 2879 2880 2945 2944
3092 3 2 5 5 2880 2881 2946 2945
3093 3 2 5 5 2881 2882 2947 2946
3094 3 2 5 5 2882 2883 2948 2947
3095 3 2 5 5 2883 2884 2949 2948
3096 3 2 5 5 2884 2885 2950 2949
3097 3 2 5 5 2885 2886 2951 2950
3098 3 2 5 5 2886 2887 2952 2951
3099 3 2 5 5 2887 2888 2953 2952
3100 3 2 5 5 2888 2889 2954 2953
3101 3 2 5 5 2889 2890 2955 2954
3102 3 2 5 5 2890 2891 2956 2955
3103 3 2 5 5 2891 2892 2957 2956
3104 3 2 5 5 2892 2893 2958 2957
3105 3 2 5 5 2893 2894 2959 2958
3106 3 2 5 5 2894 2895 2960 2959
3107 3 2 5 5 2895 2896 2961 2960
3108 3 2 5 5 2896 2897 2962 2961
3109 3 2 5 5 2897 2898 2963 2962
3110 3 2 5 5 2898 2899 2964 2963
3111 3 2 5 5 2899 2900 2965 2964
3112 3 2 5 5 2900 2901 2966 2965
3113 3 2 5 5 2901 2902 2967 2966
3114 3 2 5 5 2902 2903 2968 2967
3115 3 2 5 5 2903 2904 2969 2968
3116 3 2 5 5 2904 2905 2970 2969
3117 3 2 5 5 2905 2906 2971 2970
3118 3 2 5 5 2906 2907 2972 2971
3119 3 2 5 5 2907 2908 2973 2972
3120 3 2 5 5 2908 2909 2974 2973
3121 3 2 5 5 2909 2910 2975 2974
3122 3 2 5 5 2910 2911 2976 2975
3123 3 2 5 5 2911 2912 2977 2976
3124 3 2 5 5 2912 2913 2978 2977
3125 3 2 5 5 2913 2914 2979 2978
3126 3 2 5 5 2914 2915 2980 2979
3127 3 2 5 5 2915 2916 2981 2980
3128 3 2 5 5 2916 2917 2982 2981
3129 3 2 5 5 2917 2918 2983 2982
3130 3 2 5 5 2918 2919 2984 2983
3131 3 2 5 5 2919 2920 2985 2984
3132 3 2 5 5 2920 2921 2986 2985
3133 3 2 5 5 2921 2922 2987 2986
3134 3 2 5 5 2922 2923 2988 2987
3135 3 2 5 5 2923 2924 2989 2988
3136 3 2 5 5 2924 2925 2990 2989
3137 3 2 5 5 2926 2927 2992 2991
3138 3 2 5 5 2927 2928 2993 2992
3139 3 2 5 5 2928 2929 2994 2993
3140 3 2 5 5 2929 2930 2995 2994
3141 3 2 5 5 2930 2931 2996 2995
3142 3 2 5 5 2931 2932 2997 2996
3143 3 2 5 5 2932 2933 2998 2997
3144 3 2 5 5 2933 2934 2999 2998
3145 3 2 5 5 2934 2935 3000 2999
3146 3 2 5 5 2935 2936 3001 3000
3147 3 2 5 5 2936 2937 3002 3001
3148 3 2 5 5 2937 2938 3003 3002
3149 3 2 5 5 2938 2939 3004 3003
3150 3 2 5 5 2939 2940 3005 3004
3151 3 2 5 5 2940 2941 3006 3005
3152 3 2 5 5 2941 2942 3007 3006
3153 3 2 5 5 2942 2943 3008 3007
3154 3 2 5 5 2943 2944 3009 3008
3155 3 2 5 5 2944 2945 3010 3009
3156 3 2 5 5 2945 2946 3011 3010
3157 3 2 5 5 2946 2947 3012 3011
3158 3 2 5 5 2947 2948 3013 3012
3159 3 2 5 5 2948 2949 3014 3013
3160 3 2 5 5 2949 2950 3015 3014
3161 3 2 5 5 2950 2951 3016 3015
3162 3 2 5 5 2951 2952 3017 3016
3163 3 2 5 5 2952 2953 3018 3017
3164 3 2 5 5 2953 2954 3019 3018
3165 3 2 5 5 2954 2955 3020 3019
3166 3 2 5 5 2955 2956 3021 3020
3167 3 2 5 5 2956 2957 3022 3021
3168 3 2 5 5 2957 2958 3023 3022
3169 3 2 5 5 2958 2959 3024 3023
3170 3 2 5 5 2959 2960 3025 3024
3171 3 2 5 5 2960 2961 3026 3025
3172 3 2 5 5 2961 2962 3027 3026
3173 3 2 5 5 2962 2963 3028 3027
3174 3 2 5 5 2963 2964 3029 3028
3175 3 2 5 5 2964 2965 3030 3029
3176 3 2 5 5 2965 2966 3031 3030
3177 3 2 5 5 2966 2967 3032 3031
3178 3 2 5 5 2967 2968 3033 3032
3179 3 2 5 5 2968 2969 3034 3033
3180 3 2 5 5 2969 2970 3035 3034
3181 3 2 5 5 2970 2971 3036 3035
3182 3 2 5 5 2971 2972 3037 3036
3183 3 2 5 5 2972 2973 3038 3037
3184 3 2 5 5 2973 2974 3039 3038
3185 3 2 5 5 2974 2975 3040 3039
3186 3 2 5 5 2975 2976 3041 3040
3187 3 2 5 5 2976 2977 3042 3041
3188 3 2 5 5 2977 2978 3043 3042
3189 3 2 5 5 2978 2979 3044 3043
3190 3 2 5 5 2979 2980 3045 3044
3191 3 2 5 5 2980 2981 3046 3045
3192 3 2 5 5 2981 2982 3047 3046
3193 3 2 5 5 2982 2983 3048 3047
3194 3 2 5 5 2983 2984 3049 3048
3195 3 2 5 5 2984 2985 3050 3049
3196 3 2 5 5 2985 2986 3051 3050
3197 3 2 5 5 2986 2987 3052 3051
3198 3 2 5 5 2987 2988 3053 3052
3199 3 2 5 5 2988 2989 3054 3053
3200 3 2 5 5 2989 2990 3055 3054
3201 3 2 5 5 2991 2992 3057 3056
3202 3 2 5 5 2992 2993 3058 3057
3203 3 2 5 5 2993 2994 3059 3058
3204 3 2 5 5 2994 2995 3060 3059
3205 3 2 5 5 2995 2996 3061 3060
3206 3 2 5 5 2996 2997 3062 3061
3207 3 2 5 5 2997 2998 3063 3062
3208 3 2 5 5 2998 2999 3064 3063
3209 3 2 5 5 2999 3000 3065 3064
3210 3 2 5 5 3000 3001 3066 3065
3211 3 2 5 5 3001 3002 3067 3066
3212 3 2 5 5 3002 3003 3068 3067
3213 3 2 5 5 3003 3004 3069 3068
3214 3 2 5 5 3004 3005 3070 3069
3215 3 2 5 5 3005 3006 3071 3070
3216 3 2 5 5 3006 3007 3072 3071
3217 3 2 5 5 3007 3008 3073 3072
3218 3 2 5 5 3008 3009 3074 3073
3219 3 2 5 5 3009 3010 3075 3074
3220 3 2 5 5 3010 3011 3076 3075
3221 3 2 5 5 3011 3012 3077 3076
3222 3 2 5 5 3012 3013 3078 3077
3223 3 2 5 5 3013 3014 3079 3078
3224 3 2 5 5 3014 3015 3080 3079
3225 3 2 5 5 3015 3016 3081 3080
3226 3 2 5 5 3016 3017 3082 3081
3227 3 2 5 5 3017 3018 3083 3082
3228 3 2 5 5 3018 3019 3084 3083
3229 3 2 5 5 3019 3020 3085 3084
3230 3 2 5 5 3020 3021 3086 3085
3231 3 2 5 5 3021 3022 3087 3086
3232 3 2 5 5 3022 3023 3088 3087
3233 3 2 5 5 3023 3024 3089 3088
3234 3 2 5 5 3024 3025 3090 3089
3235 3 2 5 5 3025 3026 3091 3090
3236 3 2 5 5 3026 3027 3092 3091
3237 3 2 5 5 3027 3028 3093 3092
3238 3 2 5 5 3028 3029 3094 3093
3239 3 2 5 5 3029 3030 3095 3094
3240 3 2 5 5 3030 3031 3096 3095
3241 3 2 5 5 3031 3032 3097 3096
3242 3 2 5 5 3032 3033 3098 3097
3243 3 2 5 5 3033 3034 3099 3098
3244 3 2 5 5 3034 3035 3100 3099
3245 3 2 5 5 3035 3036 3101 3100
3246 3 2 5 5 3036 3037 3102 3101
3247 3 2 5 5 3037 3038 3103 3102
3248 3 2 5 5 3038 3039 3104 3103
3249 3 2 5 5 3039 3040 3105 3104
3250 3 2 5 5 3040 3041 3106 3105
3251 3 2 5 5 3041 3042 3107 3106
3252 3 2 5 5 3042 3043 3108 3107
3253 3 2 5 5 3043 3044 3109 3108
3254 3 2 5 5 3044 3045 3110 3109
3255 3 2 5 5 3045 3046 3111 3110
3256 3 2 5 5 3046 3047 3112 3111
3257 3 2 5 5 3047 3048 3113 3112
3258 3 2 5 5 3048 3049 3114 3113
3259 3 2 5 5 3049 3050 3115 3114
3260 3 2 5 5 3050 3051 3116 3115
3261 3 2 5 5 3051 3052 3117 3116
3262 3 2 5 5 3052 3053 3118 3117
3263 3 2 5 5 3053 3054 3119 3118
3264 3 2 5 5 3054 3055 3120 3119
3265 3 2 5 5 3056 3057 3122 3121
3266 3 2 5 5 3057 3058 3123 3122
3267 3 2 5 5 3058 3059 3124 3123
3268 3 2 5 5 3059 3060 3125 3124
3269 3 2 5 5 3060 3061 3126 3125
3270 3 2 5 5 3061 3062 3127 3126
3271 3 2 5 5 3062 3063 3128 3127
3272 3 2 5 5 3063 3064 3129 3128
3273 3 2 5 5 3064 3065 3130 3129
3274 3 2 5 5 3065 3066 3131 3130
3275 3 2 5 5 3066 3067 3132 3131
3276 3 2 5 5 3067 3068 3133 3132
3277 3 2 5 5 3068 3069 3134 3133
3278 3 2 5 5 3069 3070 3135 3134
3279 3 2 5 5 3070 3071 3136 3135
3280 3 2 5 5 3071 3072 3137 3136
3281 3 2 5 5 3072 3073 3138 3137
3282 3 2 5 5 3073 3074 3139 3138
3283 3 2 5 5 3074 3075 3140 3139
3284 3 2 5 5 3075 3076 3141 3140
3285 3 2 5 5 3076 3077 3142 3141
3286 3 2 5 5 3077 3078 3143 3142
3287 3 2 5 5 3078 3079 3144 3143
3288 3 2 5 5 3079 3080 3145 3144
3289 3 2 5 5 3080 3081 3146 3145
3290 3 2 5 5 3081 3082 3147 3146
3291 3 2 5 5 3082 3083 3148 3147
3292 3 2 5 5 3083 3084 3149 3148
3293 3 2 5 5 3084 3085 3150 3149
3294 3 2 5 5 3085 3086 3151 3150
3295 3 2 5 5 3086 3087 3152 3151
3296 3 2 5 5 3087 3088 3153 3152
3297 3 2 5 5 3088 3089 3154 3153
3298 3 2 5 5 3089 3090 3155 3154
3299 3 2 5 5 3090 3091 3156 3155
3300 3 2 5 5 3091 3092 3157 3156
3301 3 2 5 5 3092 3093 3158 3157
3302 3 2 5 5 3093 3094 3159 3158
3303 3 2 5 5 3094 3095 3160 3159
3304 3 2 5 5 3095 3096 3161 3160
3305 3 2 5 5 3096 3097 3162 3161
3306 3 2 5 5 3097 3098 3163 3162
3307 3 2 5 5 3098 3099 3164 3163
3308 3 2 5 5 3099 3100 3165 3164
3309 3 2 5 5 3100 3101 3166 3165
3310 3 2 5 5 3101 3102 3167 3166
3311 3 2 5 5 3102 3103 3168 3167
3312 3 2 5 5 3103 3104 3169 3168
3313 3 2 5 5 3104 3105 3170 3169
3314 3 2 5 5 3105 3106 3171 3170
3315 3 2 5 5 3106 3107 3172 3171
3316 3 2 5 5 3107 3108 3173 3172
3317 3 2 5 5 3108 3109 3174 3173
3318 3 2 5 5 3109 3110 3175 3174
3319 3 2 5 5 3110 3111 3176 3175
3320 3 2 5 5 3111 3112 3177 3176
3321 3 2 5 5 3112 3113 3178 3177
3322 3 2 5 5 3113 3114 3179 3178
3323 3 2 5 5 3114 3115 3180 3179
3324 3 2 5 5 3115 3116 3181 3180
3325 3 2 5 5 3116 3117 3182 3181
3326 3 2 5 5 3117 3118 3183 3182
3327 3 2 5 5 3118 3119 3184 3183
3328 3 2 5 5 3119 3120 3185 3184
3329 3 2 5 5 3121 3122 3187 3186
3330 3 2 5 5 3122 3123 3188 3187
3331 3 2 5 5 3123 3124 3189 3188
3332 3 2 5 5 3124 3125 3190 3189
3333 3 2 5 5 3125 3126 3191 3190
3334 3 2 5 5 3126 3127 3192 3191
3335 3 2 5 5 3127 3128 3193 3192
3336 3 2 5 5 3128 3129 3194 3193
3337 3 2 5 5 3129 3130 3195 3194
3338 3 2 5 5 3130 3131 3196 3195
3339 3 2 5 5 3131 3132 3197 3196
3340 3 2 5 5 3132 3133 3198 3197
3341 3 2 5 5 3133 3134 3199 3198
3342 3 2 5 5 3134 3135 3200 3199
3343 3 2 5 5 3135 3136 3201 3200
3344 3 2 5 5 3136 3137 3202 3201
3345 3 2 5 5 3137 3138 3203 3202
3346 3 2 5 5 3138 3139 3204 3203
3347 3 2 5 5 3139 3140 3205 3204
3348 3 2 5 5 3140 3141 3206 3205
3349 3 2 5 5 3141 3142 3207 3206
3350 3 2 5 5 3142 3143 3208 3207
3351 3 2 5 5 3143 3144 3209 3208
3352 3 2 5 5 3144 3145 3210 3209
3353 3 2 5 5 3145 3146 3211 3210
3354 3 2 5 5 3146 3147 3212 3211
3355 3 2 5 5 3147 3148 3213 3212
3356 3 2 5 5 3148 3149 3214 3213
3357 3 2 5 5 3149 3150 3215 3214
3358 3 2 5 5 3150 3151 3216 3215
3359 3 2 5 5 3151 3152 3217 3216
3360 3 2 5 5 3152 3153 3218 3217
3361 3 2 5 5 3153 3154 3219 3218
3362 3 2 5 5 3154 3155 3220 3219
3363 3 2 5 5 3155 3156 3221 3220
3364 3 2 5 5 3156 3157 3222 3221
3365 3 2 5 5 3157 3158 3223 3222
3366 3 2 5 5 3158 3159 3224 3223
3367 3 2 5 5 3159 3160 3225 3224
3368 3 2 5 5 3160 3161 3226 3225
3369 3 2 5 5 3161 3162 3227 3226
3370 3 2 5 5 3162 3163 3228 3227
3371 3 2 5 5 3163 3164 3229 3228
3372 3 2 5 5 3164 3165 3230 3229
3373 3 2 5 5 3165 3166 3231 3230
3374 3 2 5 5 3166 3167 3232 3231
3375 3 2 5 5 3167 3168 3233 3232
3376 3 2 5 5 3168 3169 3234 3233
3377 3 2 5 5 3169 3170 3235 3234
3378 3 2 5 5 3170 3171 3236 3235
3379 3 2 5 5 3171 3172 3237 3236
3380 3 2 5 5 3172 3173 3238 3237
3381 3 2 5 5 3173 3174 3239 3238
3382 3 2 5 5 3174 3175 3240 3239
3383 3 2 5 5 3175 3176 3241 3240
3384 3 2 5 5 3176 3177 3242 3241
3385 3 2 5 5 3177 3178 3243 3242
3386 3 2 5 5 3178 3179 3244 3243
3387 3 2 5 5 3179 3180 3245 3244
3388 3 2 5 5 3180 3181 3246 3245
3389 3 2 5 5 3181 3182 3247 3246
3390 3 2 5 5 3182 3183 3248 3247
3391 3 2 5 5 3183 3184 3249 3248
3392 3 2 5 5 3184 3185 3250 3249
3393 3 2 5 5 3186 3187 3252 3251
3394 3 2 5 5 3187 3188 3253 3252
3395 3 2 5 5 3188 3189 3254 3253
3396 3 2 5 5 3189 3190 3255 3254
3397 3 2 5 5 3190 3191 3256 3255
3398 3 2 5 5 3191 3192 3257 3256
3399 3 2 5 5 3192 3193 3258 3257
3400 3 2 5 5 3193 3194 3259 3258
3401 3 2 5 5 3194 3195 3260 3259
3402 3 2 5 5 3195 3196 3261 3260
3403 3 2 5 5 3196 3197 3262 3261
3404 3 2 5 5 3197 3198 3263 3262
3405 3 2 5 5 3198 3199 3264 3263
3406 3 2 5 5 3199 3200 3265 3264
3407 3 2 5 5 3200 3201 3266 3265
3408 3 2 5 5 3201 3202 3267 3266
3409 3 2 5 5 3202 3203 3268 3267
3410 3 2 5 5 3203 3204 3269 3268
3411 3 2 5 5 3204 3205 3270 3269
3412 3 2 5 5 3205 3206 3271 3270
3413 3 2 5 5 3206 3207 3272 3271
3414 3 2 5 5 3207 3208 3273 3272
3415 3 2 5 5 3208 3209 3274 3273
3416 3 2 5 5 3209 3210 3275 3274
3417 3 2 5 5 3210 3211 3276 3275
3418 3 2 5 5 3211 3212 3277 3276
3419 3 2 5 5 3212 3213 3278 3277
3420 3 2 5 5 3213 3214 3279 3278
3421 3 2 5 5 3214 3215 3280 3279
3422 3 2 5 5 3215 3216 3281 3280
3423 3 2 5 5 3216 3217 3282 3281
3424 3 2 5 5 3217 3218 3283 3282
3425 3 2 5 5 3218 3219 3284 3283
3426 3 2 5 5 3219 3220 3285 3284
3427 3 2 5 5 3220 3221 3286 3285
3428 3 2 5 5 3221 3222 3287 3286
3429 3 2 5 5 3222 3223 3288 3287
3430 3 2 5 5 3223 3224 3289 3288
3431 3 2 5 5 3224 3225 3290 3289
3432 3 2 5 5 3225 3226 3291 3290
3433 3 2 5 5 3226 3227 3292 3291
3434 3 2 5 5 3227 3228 3293 3292
3435 3 2 5 5 3228 3229 3294 3293
3436 3 2 5 5 3229 3230 3295 3294
3437 3 2 5 5 3230 3231 3296 3295
3438 3 2 5 5 3231 3232 3297 3296
3439 3 2 5 5 3232 3233 3298 3297
3440 3 2 5 5 3233 3234 3299 3298
3441 3 2 5 5 3234 3235 3300 3299
3442 3 2 5 5 3235 3236 3301 3300
3443 3 2 5 5 3236 3237 3302 3301
3444 3 2 5 5 3237 3238 3303 3302
3445 3 2 5 5 3238 3239 3304 3303
3446 3 2 5 5 3239 3240 3305 3304
3447 3 2 5 5 3240 3241 3306 3305
3448 3 2 5 5 3241 3242 3307 3306
3449 3 2 5 5 3242 3243 3308 3307
3450 3 2 5 5 3243 3244 3309 3308
3451 3 2 5 5 3244 3245 3310 3309
3452 3 2 5 5 3245 3246 3311 3310
3453 3 2 5 5 3246 3247 3312 3311
3454 3 2 5 5 3247 3248 3313 3312
3455 3 2 5 5 3248 3249 3314 3313
3456 3 2 5 5 3249 3250 3315 3314
3457 3 2 5 5 3251 3252 3317 3316
3458 3 2 5 5 3252 3253 3318 3317
3459 3 2 5 5 3253 3254 3319 3318
3460 3 2 5 5 3254 3255 3320 3319
3461 3 2 5 5 3255 3256 3321 3320
3462 3 2 5 5 3256 3257 3322 3321
3463 3 2 5 5 3257 3258 3323 3322
3464 3 2 5 5 3258 3259 3324 3323
3465 3 2 5 5 3259 3260 3325 3324
3466 3 2 5 5 3260 3261 3326 3325
3467 3 2 5 5 3261 3262 3327 3326
3468 3 2 5 5 3262 3263 3328 3327
3469 3 2 5 5 3263 3264 3329 3328
3470 3 2 5 5 3264 3265 3330 3329
3471 3 2 5 5 3265 3266 3331 3330
3472 3 2 5 5 3266 3267 3332 3331
3473 3 2 5 5 3267 3268 3333 3332
3474 3 2 5 5 3268 3269 3334 3333
3475 3 2 5 5 3269 3270 3335 3334
3476 3 2 5 5 3270 3271 3336 3335
3477 3 2 5 5 3271 3272 3337 3336
3478 3 2 5 5 3272 3273 3338 3337
3479 3 2 5 5 3273 3274 3339 3338
3480 3 2 5 5 3274 3275 3340 3339
3481 3 2 5 5 3275 3276 3341 3340
3482 3 2 5 5 3276 3277 3342 3341
3483 3 2 5 5 3277 3278 3343 3342
3484 3 2 5 5 3278 3279 3344 3343
3485 3 2 5 5 3279 3280 3345 3344
3486 3 2 5 5 3280 3281 3346 3345
3487 3 2 5 5 3281 3282 3347 3346
3488 3 2 5 5 3282 3283 3348 3347
3489 3 2 5 5 3283 3284 3349 3348
3490 3 2 5 5 3284 3285 3350 3349
3491 3 2 5 5 3285 3286 3351 3350
3492 3 2 5 5 3286 3287 3352 3351
3493 3 2 5 5 3287 3288 3353 3352
3494 3 2 5 5 3288 3289 3354 3353
3495 3 2 5 5 3289 3290 3355 3354
3496 3 2 5 5 3290 3291 3356 3355
3497 3 2 5 5 3291 3292 3357 3356
3498 3 2 5 5 3292 3293 3358 3357
3499 3 2 5 5 3293 3294 3359 3358
3500 3 2 5 5 3294 3295 3360 3359
3501 3 2 5 5 3295 3296 3361 3360
3502 3 2 5 5 3296 3297 3362 3361
3503 3 2 5 5 3297 3298 3363 3362
3504 3 2 5 5 3298 3299 3364 3363
3505 3 2 5 5 3299 3300 3365 3364
3506 3 2 5 5 3300 3301 3366 3365
3507 3 2 5 5 3301 3302 3367 3366
3508 3 2 5 5 3302 3303 3368 3367
3509 3 2 5 5 3303 3304 3369 3368
3510 3 2 5 5 3304 3305 3370 3369
3511 3 2 5 5 3305 3306 3371 3370
3512 3 2 5 5 3306 3307 3372 3371
3513 3 2 5 5 3307 3308 3373 3372
3514 3 2 5 5 3308 3309 3374 3373
3515 3 2 5 5 3309 3310 3375 3374
3516 3 2 5 5 3310 3311 3376 3375
3517 3 2 5 5 3311 3312 3377 3376
3518 3 2 5 5 3312 3313 3378 3377
3519 3 2 5 5 3313 3314 3379 3378
3520 3 2 5 5 3314 3315 3380 3379
3521 3 2 5 5 3316 3317 3382 3381
3522 3 2 5 5 3317 3318 3383 3382
3523 3 2 5 5 3318 3319 3384 3383
3524 3 2 5 5 3319 3320 3385 3384
3525 3 2 5 5 3320 3321 3386 3385
3526 3 2 5 5 3321 3322 3387 3386
3527 3 2 5 5 3322 3323 3388 3387
3528 3 2 5 5 3323 3324 3389 3388
3529 3 2 5 5 3324 3325 3390 3389
3530 3 2 5 5 3325 3326 3391 3390
3531 3 2 5 5 3326 3327 3392 3391
3532 3 2 5 5 3327 3328 3393 3392
3533 3 2 5 5 3328 3329 3394 3393
3534 3 2 5 5 3329 3330 3395 3394
3535 3 2 5 5 3330 3331 3396 3395
3536 3 2 5 5 3331 3332 3397 3396
3537 3 2 5 5 3332 3333 3398 3397
3538 3 2 5 5 3333 3334 3399 3398
3539 3 2 5 5 3334 3335 3400 3399
3540 3 2 5 5 3335 3336 3401 3400
3541 3 2 5 5 3336 3337 3402 3401
3542 3 2 5 5 3337 3338 3403 3402
3543 3 2 5 5 3338 3339 3404 3403
3544 3 2 5 5 3339 3340 3405 3404
3545 3 2 5 5 3340 3341 3406 3405
3546 3 2 5 5 3341 3342 3407 3406
3547 3 2 5 5 3342 3343 3408 3407
3548 3 2 5 5 3343 3344 3409 3408
3549 3 2 5 5 3344 3345 3410 3409
3550 3 2 5 5 3345 3346 3411 3410
3551 3 2 5 5 3346 3347 3412 3411
3552 3 2 5 5 3347 3348 3413 3412
3553 3 2 5 5 3348 3349 3414 3413
3554 3 2 5 5 3349 3350 3415 3414
3555 3 2 5 5 3350 3351 3416 3415
3556 3 2 5 5 3351 3352 3417 3416
3557 3 2 5 5 3352 3353 3418 3417
3558 3 2 5 5 3353 3354 3419 3418
3559 3 2 5 5 3354 3355 3420 3419
3560 3 2 5 5 3355 3356 3421 3420
3561 3 2 5 5 3356 3357 3422 3421
3562 3 2 5 5 3357 3358 3423 3422
3563 3 2 5 5 3358 3359 3424 3423
3564 3 2 5 5 3359 3360 3425 3424
3565 3 2 5 5 3360 3361 3426 3425
3566 3 2 5 5 3361 3362 3427 3426
3567 3 2 5 5 3362 3363 3428 3427
3568 3 2 5 5 3363 3364 3429 3428
3569 3 2 5 5 3364 3365 3430 3429
3570 3 2 5 5 3365 3366 3431 3430
3571 3 2 5 5 3366 3367 3432 3431
3572 3 2 5 5 3367 3368 3433 3432
3573 3 2 5 5 3368 3369 3434 3433
3574 3 2 5 5 3369 3370 3435 3434
3575 3 2 5 5 3370 3371 3436 3435
3576 3 2 5 5 3371 3372 3437 3436
3577 3 2 5 5 3372 3373 3438 3437
3578 3 2 5 5 3373 3374 3439 3438
3579 3 2 5 5 3374 3375 3440 3439
3580 3 2 5 5 3375 3376 3441 3440
3581 3 2 5 5 3376 3377 3442 3441
3582 3 2 5 5 3377 3378 3443 3442
3583 3 2 5 5 3378 3379 3444 3443
3584 3 2 5 5 3379 3380 3445 3444
3585 3 2 5 5 3381 3382 3447 3446
3586 3 2 5 5 3382 3383 3448 3447
3587 3 2 5 5 3383 3384 3449 3448
3588 3 2 5 5 3384 3385 3450 3449
3589 3 2 5 5 3385 3386 3451 3450
3590 3 2 5 5 3386 3387 3452 3451
3591 3 2 5 5 3387 3388 3453 3452
3592 3 2 5 5 3388 3389 3454 3453
3593 3 2 5 5 3389 3390 3455 3454
3594 3 2 5 5 3390 3391 3456 3455
3595 3 2 5 5 3391 3392 3457 3456
3596 3 2 5 5 3392 3393 3458 3457
3597 3 2 5 5 3393 3394 3459 3458
3598 3 2 5 5 3394 3395 3460 3459
3599 3 2 5 5 3395 3396 3461 3460
3600 3 2 5 5 3396 3397 3462 3461
3601 3 2 5 5 3397 3398 3463 3462
3602 3 2 5 5 3398 3399 3464 3463
3603 3 2 5 5 3399 3400 3465 3464
3604 3 2 5 5 3400 3401 3466 3465
3605 3 2 5 5 3401 3402 3467 3466
3606 3 2 5 5 3402 3403 3468 3467
3607 3 2 5 5 3403 3404 3469 3468
3608 3 2 5 5 3404 3405 3470 3469
3609 3 2 5 5 3405 3406 3471 3470
3610 3 2 5 5 3406 3407 3472 3471
3611 3 2 5 5 3407 3408 3473 3472
3612 3 2 5 5 3408 3409 3474 3473
3613 3 2 5 5 3409 3410 3475 3474
3614 3 2 5 5 3410 3411 3476 3475
3615 3 2 5 5 3411 3412 3477 3476
3616 3 2 5 5 3412 3413 3478 3477
3617 3 2 5 5 3413 3414 3479 3478
3618 3 2 5 5 3414 3415 3480 3479
3619 3 2 5 5 3415 3416 3481 3480
3620 3 2 5 5 3416 3417 3482 3481
3621 3 2 5 5 3417 3418 3483 3482
3622 3 2 5 5 3418 3419 3484 3483
3623 3 2 5 5 3419 3420 3485 3484
3624 3 2 5 5 3420 3421 3486 3485
3625 3 2 5 5 3421 3422 3487 3486
3626 3 2 5 5 3422 3423 3488 3487
3627 3 2 5 5 3423 3424 3489 3488
3628 3 2 5 5 3424 3425 3490 3489
3629 3 2 5 5 3425 3426 3491 3490
3630 3 2 5 5 3426 3427 3492 3491
3631 3 2 5 5 3427 3428 3493 3492
3632 3 2 5 5 3428 3429 3494 3493
3633 3 2 5 5 3429 3430 3495 3494
3634 3 2 5 5 3430 3431 3496 3495
3635 3 2 5 5 3431 3432 3497 3496
3636 3 2 5 5 3432 3433 3498 3497
3637 3 2 5 5 3433 3434 3499 3498
3638 3 2 5 5 3434 3435 3500 3499
3639 3 2 5 5 3435 3436 3501 3500
3640 3 2 5 5 3436 3437 3502 3501
3641 3 2 5 5 3437 3438 3503 3502
3642 3 2 5 5 3438 3439 3504 3503
3643 3 2 5 5 3439 3440 3505 3504
3644 3 2 5 5 3440 3441 3506 3505
3645 3 2 5 5 3441 3442 3507 3506
3646 3 2 5 5 3442 3443 3508 3507
3647 3 2 5 5 3443 3444 3509 3508
3648 3 2 5 5 3444 3445 3510 3509
3649 3 2 5 5 3446 3447 3512 3511
3650 3 2 5 5 3447 3448 3513 3512
3651 3 2 5 5 3448 3449 3514 3513
3652 3 2 5 5 3449 3450 3515 3514
3653 3 2 5 5 3450 3451 3516 3515
3654 3 2 5 5 3451 3452 3517 3516
3655 3 2 5 5 3452 3453 3518 3517
3656 3 2 5 5 3453 3454 3519 3518
3657 3 2 5 5 3454 3455 3520 3519
3658 3 2 5 5 3455 3456 3521 3520
3659 3 2 5 5 3456 3457 3522 3521
3660 3 2 5 5 3457 3458 3523 3522
3661 3 2 5 5 3458 3459 3524 3523
3662 3 2 5 5 3459 3460 3525 3524
3663 3 2 5 5 3460 3461 3526 3525
3664 3 2 5 5 3461 3462 3527 3526
3665 3 2 5 5 3462 3463 3528 3527
3666 3 2 5 5 3463 3464 3529 3528
3667 3 2 5 5 3464 3465 3530 3529
3668 3 2 5 5 3465 3466 3531 3530
3669 3 2 5 5 3466 3467 3532 3531
3670 3 2 5 5 3467 3468 3533 3532
3671 3 2 5 5 3468 3469 3534 3533
3672 3 2 5 5 3469 3470 3535 3534
3673 3 2 5 5 3470 3471 3536 3535
3674 3 2 5 5 3471 3472 3537 3536
3675 3 2 5 5 3472 3473 3538 3537
3676 3 2 5 5 3473 3474 3539 3538
3677 3 2 5 5 3474 3475 3540 3539
3678 3 2 5 5 3475 3476 3541 3540
3679 3 2 5 5 3476 3477 3542 3541
3680 3 2 5 5 3477 3478 3543 3542
3681 3 2 5 5 3478 3479 3544 3543
3682 3 2 5 5 3479 3480 3545 3544
3683 3 2 5 5 3480 3481 3546 3545
3684 3 2 5 5 3481 3482 3547 3546
3685 3 2 5 5 3482 3483 3548 3547
3686 3 2 5 5 3483 3484 3549 3548
3687 3 2 5 5 3484 3485 3550 3549
3688 3 2 5 5 3485 3486 3551 3550
3689 3 2 5 5 3486 3487 3552 3551
3690 3 2 5 5 3487 3488 3553 3552
3691 3 2 5 5 3488 3489 3554 3553
3692 3 2 5 5 3489 3490 3555 3554
3693 3 2 5 5 3490 3491 3556 3555
3694 3 2 5 5 3491 3492 3557 3556
3695 3 2 5 5 3492 3493 3558 3557
3696 3 2 5 5 3493 3494 3559 3558
3697 3 2 5 5 3494 3495 3560 3559
3698 3 2 5 5 3495 3496 3561 3560
3699 3 2 5 5 3496 3497 3562 3561
3700 3 2 5 5 3497 3498 3563 3562
3701 3 2 5 5 3498 3499 3564 3563
3702 3 2 5 5 3499 3500 3565 3564
3703 3 2 5 5 3500 3501 3566 3565
3704 3 2 5 5 3501 3502 3567 3566
3705 3 2 5 5 3502 3503 3568 3567
3706 3 2 5 5 3503 3504 3569 3568
3707 3 2 5 5 3504 3505 3570 3569
3708 3 2 5 5 3505 3506 3571 3570
3709 3 2 5 5 3506 3507 3572 3571
3710 3 2 5 5 3507 3508 3573 3572
3711 3 2 5 5 3508 3509 3574 3573
3712 3 2 5 5 3509 3510 3575 3574
3713 3 2 5 5 3511 3512 3577 3576
3714 3 2 5 5 3512 3513 3578 3577
3715 3 2 5 5 3513 3514 3579 3578
3716 3 2 5 5 3514 3515 3580 3579
3717 3 2 5 5 3515 3516 3581 3580
3718 3 2 5 5 3516 3517 3582 3581
3719 3 2 5 5 3517 3518 3583 3582
3720 3 2 5 5 3518 3519 3584 3583
3721 3 2 5 5 3519 3520 3585 3584
3722 3 2 5 5 3520 3521 3586 3585
3723 3 2 5 5 3521 3522 3587 3586
3724 3 2 5 5 3522 3523 3588 3587
3725 3 2 5 5 3523 3524 3589 3588
3726 3 2 5 5 3524 3525 3590 3589
3727 3 2 5 5 3525 3526 3591 3590
3728 3 2 5 5 3526 3527 3592 3591
3729 3 2 5 5 3527 3528 3593 3592
3730 3 2 5 5 3528 3529 3594 3593
3731 3 2 5 5 3529 3530 3595 3594
3732 3 2 5 5 3530 3531 3596 3595
3733 3 2 5 5 3531 3532 3597 3596
3734 3 2 5 5 3532 3533 3598 3597
3735 3 2 5 5 3533 3534 3599 3598
3736 3 2 5 5 3534 3535 3600 3599
3737 3 2 5 5 3535 3536 3601 3600
3738 3 2 5 5 3536 3537 3602 3601
3739 3 2 5 5 3537 3538 3603 3602
3740 3 2 5 5 3538 3539 3604 3603
3741 3 2 5 5 3539 3540 3605 3604
3742 3 2 5 5 3540 3541 3606 3605
3743 3 2 5 5 3541 3542 3607 3606
3744 3 2 5 5 3542 3543 3608 3607
3745 3 2 5 5 3543 3544 3609 3608
3746 3 2 5 5 3544 3545 3610 3609
3747 3 2 5 5 3545 3546 3611 3610
3748 3 2 5 5 3546 3547 3612 3611
3749 3 2 5 5 3547 3548 3613 3612
3750 3 2 5 5 3548 3549 3614 3613
3751 3 2 5 5 3549 3550 3615 3614
3752 3 2 5 5 3550 3551 3616 3615
3753 3 2 5 5 3551 3552 3617 3616
3754 3 2 5 5 3552 3553 3618 3617
3755 3 2 5 5 3553 3554 3619 3618
3756 3 2 5 5 3554 3555 3620 3619
3757 3 2 5 5 3555 3556 3621 3620
3758 3 2 5 5 3556 3557 3622 3621
3759 3 2 5 5 3557 3558 3623 3622
3760 3 2 5 5 3558 3559 3624 3623
3761 3 2 5 5 3559 3560 3625 3624
3762 3 2 5 5 3560 3561 3626 3625
3763 3 2 5 5 3561 3562 3627 3626
3764 3 2 5 5 3562 3563 3628 3627
3765 3 2 5 5 3563 3564 3629 3628
3766 3 2 5 5 3564 3565 3630 3629
3767 3 2 5 5 3565 3566 3631 3630
3768 3 2 5 5 3566 3567 3632 3631
3769 3 2 5 5 3567 3568 3633 3632
3770 3 2 5 5 3568 3569 3634 3633
3771 3 2 5 5 3569 3570 3635 3634
3772 3 2 5 5 3570 3571 3636 3635
3773 3 2 5 5 3571 3572 3637 3636
3774 3 2 5 5 3572 3573 3638 3637
3775 3 2 5 5 3573 3574 3639 3638
3776 3 2 5 5 3574 3575 3640 3639
3777 3 2 5 5 3576 3577 3642 3641
3778 3 2 5 5 3577 3578 3643 3642
3779 3 2 5 5 3578 3579 3644 3643
3780 3 2 5 5 3579 3580 3645 3644
3781 3 2 5 5 3580 3581 3646 3645
3782 3 2 5 5 3581 3582 3647 3646
3783 3 2 5 5 3582 3583 3648 3647
3784 3 2 5 5 3583 3584 3649 3648
3785 3 2 5 5 3584 3585 3650 3649
3786 3 2 5 5 3585 3586 3651 3650
3787 3 2 5 5 3586 3587 3652 3651
3788 3 2 5 5 3587 3588 3653 3652
3789 3 2 5 5 3588 3589 3654 3653
3790 3 2 5 5 3589 3590 3655 3654
3791 3 2 5 5 3590 3591 3656 3655
3792 3 2 5 5 3591 3592 3657 3656
3793 3 2 5 5 3592 3593 3658 3657
3794 3 2 5 5 3593 3594 3659 3658
3795 3 2 5 5 3594 3595 3660 3659
3796 3 2 5 5 3595 3596 3661 3660
3797 3 2 5 5 3596 3597 3662 3661
3798 3 2 5 5 3597 3598 3663 3662
3799 3 2 5 5 3598 3599 3664 3663
3800 3 2 5 5 3599 3600 3665 3664
3801 3 2 5 5 3600 3601 3666 3665
3802 3 2 5 5 3601 3602 3667 3666
3803 3 2 5 5 3602 3603 3668 3667
3804 3 2 5 5 3603 3604 3669 3668
3805 3 2 5 5 3604 3605 3670 3669
3806 3 2 5 5 3605 3606 3671 3670
3807 3 2 5 5 3606 3607 3672 3671
3808 3 2 5 5 3607 3608 3673 3672
3809 3 2 5 5 3608 3609 3674 3673
3810 3 2 5 5 3609 3610 3675 3674
3811 3 2 5 5 3610 3611 3676 3675
3812 3 2 5 5 3611 3612 3677 3676
3813 3 2 5 5 3612 3613 3678 3677
3814 3 2 5 5 3613 3614 3679 3678
3815 3 2 5 5 3614 3615 3680 3679
3816 3 2 5 5 3615 3616 3681 3680
3817 3 2 5 5 3616 3617 3682 3681
3818 3 2 5 5 3617 3618 3683 3682
3819 3 2 5 5 3618 3619 3684 3683
3820 3 2 5 5 3619 3620 3685 3684
3821 3 2 5 5 3620 3621 3686 3685
3822 3 2 5 5 3621 3622 3687 3686
3823 3 2 5 5 3622 3623 3688 3687
3824 3 2 5 5 3623 3624 3689 3688
3825 3 2 5 5 3624 3625 3690 3689
3826 3 2 5 5 3625 3626 3691 3690
3827 3 2 5 5 3626 3627 3692 3691
3828 3 2 5 5 3627 3628 3693 3692
3829 3 2 5 5 3628 3629 3694 3693
3830 3 2 5 5 3629 3630 3695 3694
3831 3 2 5 5 3630 3631 3696 3695
3832 3 2 5 5 3631 3632 3697 3696
3833 3 2 5 5 3632 3633 3698 3697
3834 3 2 5 5 3633 3634 3699 3698
3835 3 2 5 5 3634 3635 3700 3699
3836 3 2 5 5 3635 3636 3701 3700
3837 3 2 5 5 3636 3637 3702 3701
3838 3 2 5 5 3637 3638 3703 3702
3839 3 2 5 5 3638 3639 3704 3703
3840 3 2 5 5 3639 3640 3705 3704
3841 3 2 5 5 3641 3642 3707 3706
3842 3 2 5 5 3642 3643 3708 3707
3843 3 2 5 5 3643 3644 3709 3708
3844 3 2 5 5 3644 3645 3710 3709
3845 3 2 5 5 3645 3646 3711 3710
3846 3 2 5 5 3646 3647 3712 3711
3847 3 2 5 5 3647 3648 3713 3712
3848 3 2 5 5 3648 3649 3714 3713
3849 3 2 5 5 3649 3650 3715 3714
3850 3 2 5 5 3650 3651 3716 3715
3851 3 2 5 5 3651 3652 3717 3716
3852 3 2 5 5 3652 3653 3718 3717
3853 3 2 5 5 3653 3654 3719 3718
3854 3 2 5 5 3654 3655 3720 3719
3855 3 2 5 5 3655 3656 3721 3720
3856 3 2 5 5 3656 3657 3722 3721
3857 3 2 5 5 3657 3658 3723 3722
3858 3 2 5 5 3658 3659 3724 3723
3859 3 2 5 5 3659 3660 3725 3724
3860 3 2 5 5 3660 3661 3726 3725
3861 3 2 5 5 3661 3662 3727 3726
3862 3 2 5 5 3662 3663 3728 3727
3863 3 2 5 5 3663 3664 3729 3728
3864 3 2 5 5 3664 3665 3730 3729
3865 3 2 5 5 3665 3666 3731 3730
3866 3 2 5 5 3666 3667 3732 3731
3867 3 2 5 5 3667 3668 3733 3732
3868 3 2 5 5 3668 3669 3734 3733
3869 3 2 5 5 3669 3670 3735 3734
3870 3 2 5 5 3670 3671 3736 3735
3871 3 2 5 5 3671 3672 3737 3736
3872 3 2 5 5 3672 3673 3738 3737
3873 3 2 5 5 3673 3674 3739 3738
3874 3 2 5 5 3674 3675 3740 3739
3875 3 2 5 5 3675 3676 3741 3740
3876 3 2 5 5 3676 3677 3742 3741
3877 3 2 5 5 3677 3678 3743 3742
3878 3 2 5 5 3678 3679 3744 3743
3879 3 2 5 5 3679 3680 3745 3744
3880 3 2 5 5 3680 3681 3746 3745
3881 3 2 5 5 3681 3682 3747 3746
3882 3 2 5 5 3682 3683 3748 3747
3883 3 2 5 5 3683 3684 3749 3748
3884 3 2 5 5 3684 3685 3750 3749
3885 3 2 5 5 3685 3686 3751 3750
3886 3 2 5 5 3686 3687 3752 3751
3887 3 2 5 5 3687 3688 3753 3752
3888 3 2 5 5 3688 3689 3754 3753
3889 3 2 5 5 3689 3690 3755 3754
3890 3 2 5 5 3690 3691 3756 3755
3891 3 2 5 5 3691 3692 3757 3756
3892 3 2 5 5 3692 3693 3758 3757
3893 3 2 5 5 3693 3694 3759 3758
3894 3 2 5 5 3694 3695 3760 3759
3895 3 2 5 5 3695 3696 3761 3760
3896 3 2 5 5 3696 3697 3762 3761
3897 3 2 5 5 3697 3698 3763 3762
3898 3 2 5 5 3698 3699 3764 3763
3899 3 2 5 5 3699 3700 3765 3764
3900 3 2 5 5 3700 3701 3766 3765
3901 3 2 5 5 3701 3702 3767 3766
3902 3 2 5 5 3702 3703 3768 3767
3903 3 2 5 5 3703 3704 3769 3768
3904 3 2 5 5 3704 3705 3770 3769
3905 3 2 5 5 3706 3707 3772 3771
3906 3 2 5 5 3707 3708 3773 3772
3907 3 2 5 5 3708 3709 3774 3773
3908 3 2 5 5 3709 3710 3775 3774
3909 3 2 5 5 3710 3711 3776 3775
3910 3 2 5 5 3711 3712 3777 3776
3911 3 2 5 5 3712 3713 3778 3777
3912 3 2 5 5 3713 3714 3779 3778
3913 3 2 5 5 3714 3715 3780 3779
3914 3 2 5 5 3715 3716 3781 3780
3915 3 2 5 5 3716 3717 3782 3781
3916 3 2 5 5 3717 3718 3783 3782
3917 3 2 5 5 3718 3719 3784 3783
3918 3 2 5 5 3719 3720 3785 3784
3919 3 2 5 5 3720 3721 3786 3785
3920 3 2 5 5 3721 3722 3787 3786
3921 3 2 5 5 3722 3723 3788 3787
3922 3 2 5 5 3723 3724 3789 3788
3923 3 2 5 5 3724 3725 3790 3789
3924 3 2 5 5 3725 3726 3791 3790
3925 3 2 5 5 3726 3727 3792 3791
3926 3 2 5 5 3727 3728 3793 3792
3927 3 2 5 5 3728 3729 3794 3793
3928 3 2 5 5 3729 3730 3795 3794
3929 3 2 5 5 3730 3731 3796 3795
3930 3 2 5 5 3731 3732 3797 3796
3931 3 2 5 5 3732 3733 3798 3797
3932 3 2 5 5 3733 3734 3799 3798
3933 3 2 5 5 3734 3735 3800 3799
3934 3 2 5 5 3735 3736 3801 3800
3935 3 2 5 5 3736 3737 3802 3801
3936 3 2 5 5 3737 3738 3803 3802
3937 3 2 5 5 3738 3739 3804 3803
3938 3 2 5 5 3739 3740 3805 3804
3939 3 2 5 5 3740 3741 3806 3805
3940 3 2 5 5 3741 3742 3807 3806
3941 3 2 5 5 3742 3743 3808 3807
3942 3 2 5 5 3743 3744 3809 3808
3943 3 2 5 5 3744 3745 3810 3809
3944 3 2 5 5 3745 3746 3811 3810
3945 3 2 5 5 3746 3747 3812 3811
3946 3 2 5 5 3747 3748 3813 3812
3947 3 2 5 5 3748 3749 3814 3813
3948 3 2 5 5 3749 3750 3815 3814
3949 3 2 5 5 3750 3751 3816 3815
3950 3 2 5 5 3751 3752 3817 3816
3951 3 2 5 5 3752 3753 3818 3817
3952 3 2 5 5 3753 3754 3819 3818
3953 3 2 5 5 3754 3755 3820 3819
3954 3 2 5 5 3755 3756 3821 3820
3955 3 2 5 5 3756 3757 3822 3821
3956 3 2 5 5 3757 3758 3823 3822
3957 3 2 5 5 3758 3759 3824 3823
3958 3 2 5 5 3759 3760 3825 3824
3959 3 2 5 5 3760 3761 3826 3825
3960 3 2 5 5 3761 3762 3827 3826
3961 3 2 5 5 3762 3763 3828 3827
3962 3 2 5 5 3763 3764 3829 3828
3963 3 2 5 5 3764 3765 3830 3829
3964 3 2 5 5 3765 3766 3831 3830
3965 3 2 5 5 3766 3767 3832 3831
3966 3 2 5 5 3767 3768 3833 3832
3967 3 2 5 5 3768 3769 3834 3833
3968 3 2 5 5 3769 3770 3835 3834
3969 3 2 5 5 3771 3772 3837 3836
3970 3 2 5 5 3772 3773 3838 3837
3971 3 2 5 5 3773 3774 3839 3838
3972 3 2 5 5 3774 3775 3840 3839
3973 3 2 5 5 3775 3776 3841 3840
3974 3 2 5 5 3776 3777 3842 3841
3975 3 2 5 5 3777 3778 3843 3842
3976 3 2 5 5 3778 3779 3844 3843
3977 3 2 5 5 3779 3780 3845 3844
3978 3 2 5 5 3780 3781 3846 3845
3979 3 2 5 5 3781 3782 3847 3846
3980 3 2 5 5 3782 3783 3848 3847
3981 3 2 5 5 3783 3784 3849 3848
3982 3 2 5 5 3784 3785 3850 3849
3983 3 2 5 5 3785 3786 3851 3850
3984 3 2 5 5 3786 3787 3852 3851
3985 3 2 5 5 3787 3788 3853 3852
3986 3 2 5 5 3788 3789 3854 3853
3987 3 2 5 5 3789 3790 3855 3854
3988 3 2 5 5 3790 3791 3856 3855
3989 3 2 5 5 3791 3792 3857 3856
3990 3 2 5 5 3792 3793 3858 3857
3991 3 2 5 5 3793 3794 3859 3858
3992 3 2 5 5 3794 3795 3860 3859
3993 3 2 5 5 3795 3796 3861 3860
3994 3 2 5 5 3796 3797 3862 3861
3995 3 2 5 5 3797 3798 3863 3862
3996 3 2 5 5 3798 3799 3864 3863
3997 3 2 5 5 3799 3800 3865 3864
3998 3 2 5 5 3800 3801 3866 3865
3999 3 2 5 5 3801 3802 3867 3866
4000 3 2 5 5 3802 3803 3868 3867
4001 3 2 5 5 3803 3804 3869 3868
4002 3 2 5 5 3804 3805 3870 3869
4003 3 2 5 5 3805 3806 3871 3870
4004 3 2 5 5 3806 3807 3872 3871
4005 3 2 5 5 3807 3808 3873 3872
4006 3 2 5 5 3808 3809 3874 3873
4007 3 2 5 5 3809 3810 3875 3874
4008 3 2 5 5 3810 3811 3876 3875
4009 3 2 5 5 3811 3812 3877 3876
4010 3 2 5 5 3812 3813 3878 3877
4011 3 2 5 5 3813 3814 3879 3878
4012 3 2 5 5 3814 3815 3880 3879
4013 3 2 5 5 3815 3816 3881 3880
4014 3 2 5 5 3816 3817 3882 3881
4015 3 2 5 5 3817 3818 3883 3882
4016 3 2 5 5 3818 3819 3884 3883
4017 3 2 5 5 3819 3820 3885 3884
4018 3 2 5 5 3820 3821 3886 3885
4019 3 2 5 5 3821 3822 3887 3886
4020 3 2 5 5 3822 3823 3888 3887
4021 3 2 5 5 3823 3824 3889 3888
4022 3 2 5 5 3824 3825 3890 3889
4023 3 2 5 5 3825 3826 3891 3890
4024 3 2 5 5 3826 3827 3892 3891
4025 3 2 5 5 3827 3828 3893 3892
4026 3 2 5 5 3828 3829 3894 3893
4027 3 2 5 5 3829 3830 3895 3894
4028 3 2 5 5 3830 3831 3896 3895
4029 3 2 5 5 3831 3832 3897 3896
4030 3 2 5 5 3832 3833 3898 3897
4031 3 2 5 5 3833 3834 3899 3898
4032 3 2 5 5 3834 3835 3900 3899
4033 3 2 5 5 3836 3837 3902 3901
4034 3 2 5 5 3837 3838 3903 3902
4035 3 2 5 5 3838 3839 3904 3903
4036 3 2 5 5 3839 3840 3905 3904
4037 3 2 5 5 3840 3841 3906 3905
4038 3 2 5 5 3841 3842 3907 3906
4039 3 2 5 5 3842 3843 3908 3907
4040 3 2 5 5 3843 3844 3909 3908
4041 3 2 5 5 3844 3845 3910 3909
4042 3 2 5 5 3845 3846 3911 3910
4043 3 2 5 5 3846 3847 3912 3911
4044 3 2 5 5 3847 3848 3913 3912
4045 3 2 5 5 3848 3849 3914 3913
4046 3 2 5 5 3849 3850 3915 3914
4047 3 2 5 5 3850 3851 3916 3915
4048 3 2 5 5 3851 3852 3917 3916
4049 3 2 5 5 3852 3853 3918 3917
4050 3 2 5 5 3853 3854 3919 3918
4051 3 2 5 5 3854 3855 3920 3919
4052 3 2 5 5 3855 3856 3921 3920
4053 3 2 5 5 3856 3857 3922 3921
4054 3 2 5 5 3857 3858 3923 3922
4055 3 2 5 5 3858 3859 3924 3923
4056 3 2 5 5 3859 3860 3925 3924
4057 3 2 5 5 3860 3861 3926 3925
4058 3 2 5 5 3861 3862 3927 3926
4059 3 2 5 5 3862 3863 3928 3927
4060 3 2 5 5 3863 3864 3929 3928
4061 3 2 5 5 3864 3865 3930 3929
4062 3 2 5 5 3865 3866 3931 3930
4063 3 2 5 5 3866 3867 3932 3931
4064 3 2 5 5 3867 3868 3933 3932
4065 3 2 5 5 3868 3869 3934 3933
4066 3 2 5 5 3869 3870 3935 3934
4067 3 2 5 5 3870 3871 3936 3935
4068 3 2 5 5 3871 3872 3937 3936
4069 3 2 5 5 3872 3873 3938 3937
4070 3 2 5 5 3873 3874 3939 3938
4071 3 2 5 5 3874 3875 3940 3939
4072 3 2 5 5 3875 3876 3941 3940
4073 3 2 5 5 3876 3877 3942 3941
4074 3 2 5 5 3877 3878 3943 3942
4075 3 2 5 5 3878 3879 3944 3943
4076 3 2 5 5 3879 3880 3945 3944
4077 3 2 5 5 3880 3881 3946 3945
4078 3 2 5 5 3881 3882 3947 3946
4079 3 2 5 5 3882 3883 3948 3947
4080 3 2 5 5 3883 3884 3949 3948
4081 3 2 5 5 3884 3885 3950 3949
4082 3 2 5 5 3885 3886 3951 3950
4083 3 2 5 5 3886 3887 3952 3951
4084 3 2 5 5 3887 3888 3953 3952
4085 3 2 5 5 3888 3889 3954 3953
4086 3 2 5 5 3889 3890 3955 3954
4087 3 2 5 5 3890 3891 3956 3955
4088 3 2 5 5 3891 3892 3957 3956
4089 3 2 5 5 3892 3893 3958 3957
4090 3 2 5 5 3893 3894 3959 3958
4091 3 2 5 5 3894 3895 3960 3959
4092 3 2 5 5 3895 3896 3961 3960
4093 3 2 5 5 3896 3897 3962 3961
4094 3 2 5 5 3897 3898 3963 3962
4095 3 2 5 5 3898 3899 3964 3963
4096 3 2 5 5 3899 3900 3965 3964
4097 3 2 5 5 3901 3902 3967 3966
4098 3 2 5 5 3902 3903 3968 3967
4099 3 2 5 5 3903 3904 3969 3968
4100 3 2 5 5 3904 3905 3970 3969
4101 3 2 5 5 3905 3906 3971 3970
4102 3 2 5 5 3906 3907 3972 3971
4103 3 2 5 5 3907 3908 3973 3972
4104 3 2 5 5 3908 3909 3974 3973
4105 3 2 5 5 3909 3910 3975 3974
4106 3 2 5 5 3910 3911 3976 3975
4107 3 2 5 5 3911 3912 3977 3976
4108 3 2 5 5 3912 3913 3978 3977
4109 3 2 5 5 3913 3914 3979 3978
4110 3 2 5 5 3914 3915 3980 3979
4111 3 2 5 5 3915 3916 3981 3980
4112 3 2 5 5 3916 3917 3982 3981
4113 3 2 5 5 3917 3918 3983 3982
4114 3 2 5 5 3918 3919 3984 3983
4115 3 2 5 5 3919 3920 3985 3984
4116 3 2 5 5 3920 3921 3986 3985
4117 3 2 5 5 3921 3922 3987 3986
4118 3 2 5 5 3922 3923 3988 3987
4119 3 2 5 5 3923 3924 3989 3988
4120 3 2 5 5 3924 3925 3990 3989
4121 3 2 5 5 3925 3926 3991 3990
4122 3 2 5 5 3926 3927 3992 3991
4123 3 2 5 5 3927 3928 3993 3992
4124 3 2 5 5 3928 3929 3994 3993
4125 3 2 5 5 3929 3930 3995 3994
4126 3 2 5 5 3930 3931 3996 3995
4127 3 2 5 5 3931 3932 3997 3996
4128 3 2 5 5 3932 3933 3998 3997
4129 3 2 5 5 3933 3934 3999 3998
4130 3 2 5 5 3934 3935 4000 3999
4131 3 2 5 5 3935 3936 4001 4000
4132 3 2 5 5 3936 3937 4002 4001
4133 3 2 5 5 3937 3938 4003 4002
4134 3 2 5 5 3938 3939 4004 4003
4135 3 2 5 5 3939 3940 4005 4004
4136 3 2 5 5 3940 3941 4006 4005
4137 3 2 5 5 3941 3942 4007 4006
4138 3 2 5 5 3942 3943 4008 4007
4139 3 2 5 5 3943 3944 4009 4008
4140 3 2 5 5 3944 3945 4010 4009
4141 3 2 5 5 3945 3946 4011 4010
4142 3 2 5 5 3946 3947 4012 4011
4143 3 2 5 5 3947 3948 4013 4012
4144 3 2 5 5 3948 3949 4014 4013
4145 3 2 5 5 3949 3950 4015 4014
4146 3 2 5 5 3950 3951 4016 4015
4147 3 2 5 5 3951 3952 4017 4016
4148 3 2 5 5 3952 3953 4018 4017
4149 3 2 5 5 3953 3954 4019 4018
4150 3 2 5 5 3954 3955 4020 4019
4151 3 2 5 5 3955 3956 4021 4020
4152 3 2 5 5 3956 3957 4022 4021
4153 3 2 5 5 3957 3958 4023 4022
4154 3 2 5 5 3958 3959 4024 4023
4155 3 2 5 5 3959 3960 4025 4024
4156 3 2 5 5 3960 3961 4026 4025
4157 3 2 5 5 3961 3962 4027 4026
4158 3 2 5 5 3962 3963 4028 4027
4159 3 2 5 5 3963 3964 4029 4028
4160 3 2 5 5 3964 3965 4030 4029
4161 3 2 5 5 3966 3967 4032 4031
4162 3 2 5 5 3967 3968 4033 4032
4163 3 2 5 5 3968 3969 4034 4033
4164 3 2 5 5 3969 3970 4035 4034
4165 3 2 5 5 3970 3971 4036 4035
4166 3 2 5 5 3971 3972 4037 4036
4167 3 2 5 5 3972 3973 4038 4037
4168 3 2 5 5 3973 3974 4039 4038
4169 3 2 5 5 3974 3975 4040 4039
4170 3 2 5 5 3975 3976 4041 4040
4171 3 2 5 5 3976 3977 4042 4041
4172 3 2 5 5 3977 3978 4043 4042
4173 3 2 5 5 3978 3979 4044 4043
4174 3 2 5 5 3979 3980 4045 4044
4175 3 2 5 5 3980 3981 4046 4045
4176 3 2 5 5 3981 3982 4047 4046
4177 3 2 5 5 3982 3983 4048 4047
4178 3 2 5 5 3983 3984 4049 4048
4179 3 2 5 5 3984 3985 4050 4049
4180 3 2 5 5 3985 3986 4051 4050
4181 3 2 5 5 3986 3987 4052 4051
4182 3 2 5 5 3987 3988 4053 4052
4183 3 2 5 5 3988 3989 4054 4053
4184 3 2 5 5 3989 3990 4055 4054
4185 3 2 5 5 3990 3991 4056 4055
4186 3 2 5 5 3991 3992 4057 4056
4187 3 2 5 5 3992 3993 4058 4057
4188 3 2 5 5 3993 3994 4059 4058
4189 3 2 5 5 3994 3995 4060 4059
4190 3 2 5 5 3995 3996 4061 4060
4191 3 2 5 5 3996 3997 4062 4061
4192 3 2 5 5 3997 3998 4063 4062
4193 3 2 5 5 3998 3999 4064 4063
4194 3 2 5 5 3999 4000 4065 4064
4195 3 2 5 5 4000 4001 4066 4065
4196 3 2 5 5 4001 4002 4067 4066
4197 3 2 5 5 4002 4003 4068 4067
4198 3 2 5 5 4003 4004 4069 4068
4199 3 2 5 5 4004 4005 4070 4069
4200 3 2 5 5 4005 4006 4071 4070
4201 3 2 5 5 4006 4007 4072 4071
4202 3 2 5 5 4007 4008 4073 4072
4203 3 2 5 5 4008 4009 4074 4073
4204 3 2 5 5 4009 4010 4075 4074
4205 3 2 5 5 4010 4011 4076 4075
4206 3 2 5 5 4011 4012 4077 4076
4207 3 2 5 5 4012 4013 4078 4077
4208 3 2 5 5 4013 4014 4079 4078
4209 3 2 5 5 4014 4015 4080 4079
4210 3 2 5 5 4015 4016 4081 4080
4211 3 2 5 5 4016 4017 4082 4081
4212 3 2 5 5 4017 4018 4083 4082
4213 3 2 5 5 4018 4019 4084 4083
4214 3 2 5 5 4019 4020 4085 4084
4215 3 2 5 5 4020 4021 4086 4085
4216 3 2 5 5 4021 4022 4087 4086
4217 3 2 5 5 4022 4023 4088 4087
4218 3 2 5 5 4023 4024 4089 4088
4219 3 2 5 5 4024 4025 4090 4089
4220 3 2 5 5 4025 4026 4091 4090
4221 3 2 5 5 4026 4027 4092 4091
4222 3 2 5 5 4027 4028 4093 4092
4223 3 2 5 5 4028 4029 4094 4093
4224 3 2 5 5 4029 4030 4095 4094
4225 3 2 5 5 4031 4032 4097 4096
4226 3 2 5 5 4032 4033 4098 4097
4227 3 2 5 5 4033 4034 4099 4098
4228 3 2 5 5 4034 4035 4100 4099
4229 3 2 5 5 4035 4036 4101 4100
4230 3 2 5 5 4036 4037 4102 4101
4231 3 2 5 5 4037 4038 4103 4102
4232 3 2 5 5 4038 4039 4104 4103
4233 3 2 5 5 4039 4040 4105 4104
4234 3 2 5 5 4040 4041 4106 4105
4235 3 2 5 5 4041 4042 4107 4106
4236 3 2 5 5 4042 4043 4108 4107
4237 3 2 5 5 4043 4044 4109 4108
4238 3 2 5 5 4044 4045 4110 4109
4239 3 2 5 5 4045 4046 4111 4110
4240 3 2 5 5 4046 4047 4112 4111
4241 3 2 5 5 4047 4048 4113 4112
4242 3 2 5 5 4048 4049 4114 4113
4243 3 2 5 5 4049 4050 4115 4114
4244 3 2 5 5 4050 4051 4116 4115
4245 3 2 5 5 4051 4052 4117 4116
4246 3 2 5 5 4052 4053 4118 4117
4247 3 2 5 5 4053 4054 4119 4118
4248 3 2 5 5 4054 4055 4120 4119
4249 3 2 5 5 4055 4056 4121 4120
4250 3 2 5 5 4056 4057 4122 4121
4251 3 2 5 5 4057 4058 4123 4122
4252 3 2 5 5 4058 4059 4124 4123
4253 3 2 5 5 4059 4060 4125 4124
4254 3 2 5 5 4060 4061 4126 4125
4255 3 2 5 5 4061 4062 4127 4126
4256 3 2 5 5 4062 4063 4128 4127
4257 3 2 5 5 4063 4064 4129 4128
4258 3 2 5 5 4064 4065 4130 4129
4259 3 2 5 5 4065 4066 4131 4130
4260 3 2 5 5 4066 4067 4132 4131
4261 3 2 5 5 4067 4068 4133 4132
4262 3 2 5 5 4068 4069 4134 4133
4263 3 2 5 5 4069 4070 4135 4134
4264 3 2 5 5 4070 4071 4136 4135
4265 3 2 5 5 4071 4072 4137 4136
4266 3 2 5 5 4072 4073 4138 4137
4267 3 2 5 5 4073 4074 4139 4138
4268 3 2 5 5 4074 4075 4140 4139
4269 3 2 5 5 4075 4076 4141 4140
4270 3 2 5 5 4076 4077 4142 4141
4271 3 2 5 5 4077 4078 4143 4142
4272 3 2 5 5 4078 4079 4144 4143
4273 3 2 5 5 4079 4080 4145 4144
4274 3 2 5 5 4080 4081 4146 4145
4275 3 2 5 5 4081 4082 4147 4146
4276 3 2 5 5 4082 4083 4148 4147
4277 3 2 5 5 4083 4084 4149 4148
4278 3 2 5 5 4084 4085 4150 4149
4279 3 2 5 5 4085 4086 4151 4150
4280 3 2 5 5 4086 4087 4152 4151
4281 3 2 5 5 4087 4088 4153 4152
4282 3 2 5 5 4088 4089 4154 4153
4283 3 2 5 5 4089 4090 4155 4154
4284 3 2 5 5 4090 4091 4156 4155
4285 3 2 5 5 4091 4092 4157 4156
4286 3 2 5 5 4092 4093 4158 4157
4287 3 2 5 5 4093 4094 4159 4158
4288 3 2 5 5 4094 4095 4160 4159
4289 3 2 5 5 4096 4097 4162 4161
4290 3 2 5 5 4097 4098 4163 4162
4291 3 2 5 5 4098 4099 4164 4163
4292 3 2 5 5 4099 4100 4165 4164
4293 3 2 5 5 4100 4101 4166 4165
4294 3 2 5 5 4101 4102 4167 4166
4295 3 2 5 5 4102 4103 4168 4167
4296 3 2 5 5 4103 4104 4169 4168
4297 3 2 5 5 4104 4105 4170 4169
4298 3 2 5 5 4105 4106 4171 4170
4299 3 2 5 5 4106 4107 4172 4171
4300 3 2 5 5 4107 4108 4173 4172
4301 3 2 5 5 4108 4109 4174 4173
4302 3 2 5 5 4109 4110 4175 4174
4303 3 2 5 5 4110 4111 4176 4175
4304 3 2 5 5 4111 4112 4177 4176
4305 3 2 5 5 4112 4113 4178 4177
4306 3 2 5 5 4113 4114 4179 4178
4307 3 2 5 5 4114 4115 4180 4179
4308 3 2 5 5 4115 4116 4181 4180
4309 3 2 5 5 4116 4117 4182 4181
4310 3 2 5 5 4117 4118 4183 4182
4311 3 2 5 5 4118 4119 4184 4183
4312 3 2 5 5 4119 4120 4185 4184
4313 3 2 5 5 4120 4121 4186 4185
4314 3 2 5 5 4121 4122 4187 4186
4315 3 2 5 5 4122 4123 4188 4187
4316 3 2 5 5 4123 4124 4189 4188
4317 3 2 5 5 4124 4125 4190 4189
4318 3 2 5 5 4125 4126 4191 4190
4319 3 2 5 5 4126 4127 4192 4191
4320 3 2 5 5 4127 4128 4193 4192
4321 3 2 5 5 4128 4129 4194 4193
4322 3 2 5 5 4129 4130 4195 4194
4323 3 2 5 5 4130 4131 4196 4195
4324 3 2 5 5 4131 4132 4197 4196
4325 3 2 5 5 4132 4133 4198 4197
4326 3 2 5 5 4133 4134 4199 4198
4327 3 2 5 5 4134 4135 4200 4199
4328 3 2 5 5 4135 4136 4201 4200
4329 3 2 5 5 4136 4137 4202 4201
4330 3 2 5 5 4137 4138 4203 4202
4331 3 2 5 5 4138 4139 4204 4203
4332 3 2 5 5 4139 4140 4205 4204
4333 3 2 5 5 4140 4141 4206 4205
4334 3 2 5 5 4141 4142 4207 4206
4335 3 2 5 5 4142 4143 4208 4207
4336 3 2 5 5 4143 4144 4209 4208
4337 3 2 5 5 4144 4145 4210 4209
4338 3 2 5 5 4145 4146 4211 4210
4339 3 2 5 5 4146 4147 4212 4211
4340 3 2 5 5 4147 4148 4213 4212
4341 3 2 5 5 4148 4149 4214 4213
4342 3 2 5 5 4149 4150 4215 4214
4343 3 2 5 5 4150 4151 4216 4215
4344 3 2 5 5 4151 4152 4217 4216
4345 3 2 5 5 4152 4153 4218 4217
4346 3 2 5 5 4153 4154 4219 4218
4347 3 2 5 5 4154 4155 4220 4219
4348 3 2 5 5 4155 4156 4221 4220
4349 3 2 5 5 4156 4157 4222 4221
4350 3 2 5 5 4157 4158 4223 4222
4351 3 2 5 5 4158 4159 4224 4223
4352 3 2 5 5 4159 4160 4225 4224
$EndElements
